balancing_authority,date,daily_peak_mw,daily_min_mw,daily_max_ramp_mw,daily_ramp_std,hours_observed,daily_range_mw,pct_hours_near_peak,z_daily_peak_mw,z_daily_max_ramp_mw,z_pct_hours_near_peak,fragility_z,fragility_01
CISO,2025-01-01,24569.0,19914.0,1591.0,795.8660670636089,15,4655.0,0.2,-1.1568159794175243,-1.2357312716222026,-0.2978381238723989,-2.6903853749121263,0.09979664366432524
CISO,2025-01-02,27210.0,19711.0,1802.0,985.2757687976042,24,7499.0,0.16666666666666666,-0.5439367593218939,-0.9051235391890435,-0.7003319823485763,-2.149392280859514,0.15655400382241944
CISO,2025-01-03,27142.0,21211.0,1820.0,916.4902452100716,24,5931.0,0.2916666666666667,-0.5597170648752838,-0.8769200359483,0.8090199869370883,-0.6276171138864955,0.3162084285850611
CISO,2025-01-04,26605.0,20251.0,2384.0,945.4845998868456,24,6354.0,0.2916666666666667,-0.6843350660836721,0.006789732261660693,0.8090199869370883,0.1314746531150769,0.39584723596799304
CISO,2025-01-05,25739.0,20118.0,2377.0,860.0637225717976,24,5621.0,0.16666666666666666,-0.8853018985724325,-0.004178296776406196,-0.7003319823485763,-1.589812177697415,0.2152613880785778
CISO,2025-01-06,26516.0,20041.0,2395.0,1031.011722581974,24,6475.0,0.25,-0.7049887012932561,0.024025206464337232,0.30590266384186665,-0.3750608309870522,0.34270493670373814
CISO,2025-01-07,26893.0,20645.0,2074.0,928.797366982187,24,6248.0,0.2916666666666667,-0.6175008307987264,-0.4789372679955873,0.8090199869370883,-0.2874181118572253,0.35189982186876484
CISO,2025-01-08,26817.0,20468.0,2027.0,884.8106558688872,24,6349.0,0.16666666666666666,-0.6351376428878094,-0.5525797486797507,-0.7003319823485763,-1.8880493739161364,0.18397234549298064
CISO,2025-01-09,26503.0,20511.0,2263.0,981.1432070567596,24,5992.0,0.2916666666666667,-0.7080055244137571,-0.18280048396778126,0.8090199869370883,-0.08178602144445002,0.373473359024647
CISO,2025-01-10,26183.0,20371.0,1751.0,924.3930078548922,24,5812.0,0.3333333333333333,-0.7822657858414745,-0.9850334650378165,1.3121373100323093,-0.4551619408469818,0.33430126650653413
CISO,2025-01-11,25838.0,20314.0,1703.0,805.9769647785371,24,5524.0,0.20833333333333334,-0.8623276301932324,-1.0602428070131324,-0.19721465925335463,-2.1197850964597196,0.15966019066051393
CISO,2025-01-12,24674.0,19865.0,2102.0,781.957826015359,24,4809.0,0.20833333333333334,-1.1324493311365547,-0.4350651518433197,-0.19721465925335463,-1.764729142233229,0.19691027553562496
CISO,2025-01-13,26986.0,20577.0,2558.0,1061.4132421692195,24,6409.0,0.125,-0.595918942321296,0.2794235969221805,-1.2034493054437976,-1.519944650842913,0.22259141951267714
CISO,2025-01-14,28320.0,21715.0,2601.0,1135.6694053237527,24,6605.0,0.16666666666666666,-0.286346477494499,0.34679863244173426,-0.7003319823485763,-0.6398798274013411,0.3149219070839014
CISO,2025-01-15,27956.0,21645.0,2453.0,1134.8678879889085,24,6311.0,0.25,-0.3708175248685276,0.11490316135117717,0.30590266384186665,0.04998830032451623,0.38729823539081826
CISO,2025-01-16,27504.0,21314.0,2516.0,1108.5935043878865,24,6190.0,0.20833333333333334,-0.4757101441351785,0.21361542269377917,-0.19721465925335463,-0.45930938069475397,0.3338661449869401
CISO,2025-01-17,28219.0,21415.0,2300.0,1043.5226156032088,24,6804.0,0.20833333333333334,-0.3097848725076223,-0.12482661619514197,-0.19721465925335463,-0.6318261479561189,0.3157668450136005
CISO,2025-01-18,26564.0,20686.0,1901.0,823.5050915869101,24,5878.0,0.20833333333333334,-0.6938496620790985,-0.7500042713649546,-0.19721465925335463,-1.6410685926974076,0.20988390944058918
CISO,2025-01-19,24935.0,20442.0,2122.0,761.6460613868405,24,4493.0,0.20833333333333334,-1.0718808054095725,-0.40372792602027147,-0.19721465925335463,-1.6728233906831986,0.20655240941620662
CISO,2025-01-20,25421.0,20649.0,2199.0,923.5396845361023,24,4772.0,0.3333333333333333,-0.9590980333662267,-0.28307960660153564,1.3121373100323093,0.06995967006454706,0.38939349730385686
CISO,2025-01-21,27734.0,21784.0,2507.0,1121.3663435511498,24,5950.0,0.25,-0.42233558123400655,0.19951367107340745,0.30590266384186665,0.08308075368126755,0.39077007322818147
CISO,2025-01-22,27698.0,21776.0,2506.0,1129.0095409155147,24,5922.0,0.25,-0.4306898606446248,0.19794680978225504,0.30590266384186665,0.07315961297949691,0.38972921381208186
CISO,2025-01-23,27028.0,21048.0,2439.0,1072.6010644588514,24,5980.0,0.3333333333333333,-0.5861722830089081,0.09296710327504339,1.3121373100323093,0.8189321302984445,0.46797065501865587
CISO,2025-01-24,27048.0,21221.0,2600.0,1101.8520105989141,24,5827.0,0.25,-0.5815310166696758,0.34523177115058185,0.30590266384186665,0.06960341832277273,0.3893561217649875
CISO,2025-01-25,26205.0,20325.0,1674.0,732.7289620890236,24,5880.0,0.20833333333333334,-0.777160392868319,-1.1056817844565523,-0.19721465925335463,-2.080056836578226,0.16382821272833167
CISO,2025-01-26,26060.0,20159.0,1754.0,716.5221547087052,24,5901.0,0.125,-0.8108095738277534,-0.9803328811643593,-1.2034493054437976,-2.9945917604359105,0.06788135384754557
CISO,2025-01-27,27467.0,21090.0,2656.0,1120.7601845641857,24,6377.0,0.25,-0.4842964868627583,0.43297600345511694,0.30590266384186665,0.2545821804342253,0.40876285049808503
CISO,2025-01-28,28266.0,22294.0,2417.0,1214.321650409056,24,5972.0,0.20833333333333334,-0.2988778966104263,0.058496154869690314,-0.19721465925335463,-0.4375964009940906,0.3361441249140852
CISO,2025-01-29,28140.0,21880.0,2978.0,1206.9697586055777,24,6260.0,0.25,-0.32811787454759006,0.9375053392061938,0.30590266384186665,0.9152901285004704,0.47807988870054374
CISO,2025-01-30,27828.0,21744.0,3062.0,1102.9373224797685,24,6084.0,0.375,-0.40052162943961456,1.0691216876629965,1.8152546331275308,2.4838546913509125,0.6426431424715208
CISO,2025-01-31,28863.0,22061.0,2583.0,1128.2520524424408,24,6802.0,0.25,-0.16033609638434096,0.3185951292009908,0.30590266384186665,0.4641616966585165,0.4307505250448962
CISO,2025-02-01,27452.0,20701.0,1863.0,749.3090428299038,24,6751.0,0.25,-0.48777743661718254,-0.8095450004287463,0.30590266384186665,-0.9914197732040622,0.27804069818635946
CISO,2025-02-02,24963.0,19366.0,1810.0,804.618352910608,24,5597.0,0.16666666666666666,-1.0653830325346472,-0.8925886488598243,-0.7003319823485763,-2.6583036637430477,0.1031624412231648
CISO,2025-02-03,26144.0,19958.0,2504.0,1013.8092179669618,24,6186.0,0.3333333333333333,-0.7913162552029775,0.19481308719995022,1.3121373100323093,0.715634142029282,0.4571333242130444
CISO,2025-02-04,27640.0,20782.0,2125.0,1015.9116809439001,24,6858.0,0.3333333333333333,-0.44414953302839855,-0.3990273421468142,1.3121373100323093,0.4689604348570966,0.4312539764109773
CISO,2025-02-05,27566.0,21077.0,2582.0,1052.7459848869773,24,6489.0,0.3333333333333333,-0.4613222184835582,0.3170282679098384,1.3121373100323093,1.1678433594585895,0.5045760766300449
CISO,2025-02-06,28858.0,21370.0,2456.0,1036.2740495627115,24,7488.0,0.25,-0.16149641296914904,0.1196037452246344,0.30590266384186665,0.264009996097352,0.4097519535660886
CISO,2025-02-07,27999.0,20785.0,2136.0,883.6002430357031,24,7214.0,0.25,-0.360838802239178,-0.38179186794413766,0.30590266384186665,-0.436728006341449,0.3362352310457552
CISO,2025-02-08,26112.0,19656.0,1949.0,921.6479530034027,24,6456.0,0.25,-0.7987422813457493,-0.6747949293896388,0.30590266384186665,-1.1676345468935214,0.259553428227795
CISO,2025-02-09,25141.0,18872.0,2760.0,971.7735467108356,24,6269.0,0.20833333333333334,-1.0240757621154795,0.5959295777349679,-0.19721465925335463,-0.6253608436338662,0.31644514129868034
CISO,2025-02-10,25841.0,19330.0,2389.0,932.5872341370335,24,6511.0,0.16666666666666666,-0.8616314402423475,0.014624038717422756,-0.7003319823485763,-1.547339383873501,0.21971734820539957
CISO,2025-02-11,27284.0,21521.0,2948.0,1120.112064139961,24,5763.0,0.3333333333333333,-0.5267640738667342,0.8904995004716215,1.3121373100323093,1.6758727366371966,0.5578751051174848
CISO,2025-02-12,28286.0,22821.0,2356.0,981.301782534709,24,5465.0,0.4583333333333333,-0.29423663027119396,-0.03708238389060686,2.8214892793179733,2.4901702651561726,0.6433057300368905
CISO,2025-02-13,28538.0,22589.0,1745.0,839.5613718492826,24,5949.0,0.4166666666666667,-0.23575667439686648,-0.994434632784731,2.3183719562227525,1.088180649041155,0.49621840035646825
CISO,2025-02-14,28029.0,21132.0,1917.0,877.4707683309811,24,6897.0,0.25,-0.35387690273032957,-0.724934490706516,0.30590266384186665,-0.772908729594979,0.3009654085698817
CISO,2025-02-15,26374.0,19282.0,2815.0,962.8770708783071,24,7092.0,0.20833333333333334,-0.7379416923018057,0.6821069487483505,-0.19721465925335463,-0.2530494028068098,0.35550555587754956
CISO,2025-02-16,24855.0,19278.0,2589.0,837.9886536795424,24,5577.0,0.125,-1.090445870766502,0.3279962969479053,-1.2034493054437976,-1.9658988792623941,0.17580489851141654
CISO,2025-02-17,24132.0,19646.0,2131.0,801.2170226544769,24,4486.0,0.3333333333333333,-1.258227648929751,-0.3896261743998997,1.3121373100323093,-0.3357165132973414,0.346832678136741
CISO,2025-02-18,26191.0,20391.0,2671.0,1034.2271181341448,24,5800.0,0.20833333333333334,-0.7804092793057816,0.45647892282240315,-0.19721465925335463,-0.5211450157367331,0.3273787656705218
CISO,2025-02-19,26181.0,20133.0,2429.0,968.5426514891448,24,6048.0,0.25,-0.7827299124753978,0.07729849036351927,0.30590266384186665,-0.39952875827001183,0.34013792618846905
CISO,2025-02-20,26177.0,20165.0,2026.0,956.6463008487183,24,6012.0,0.25,-0.7836581657432442,-0.554146609970903,0.30590266384186665,-1.0319021118722806,0.273793563239364
CISO,2025-02-21,25688.0,19919.0,2275.0,994.6722777967581,24,5769.0,0.3333333333333333,-0.8971371277374749,-0.1639981484739523,1.3121373100323093,0.25100203382088204,0.4083872455726503
CISO,2025-02-22,25136.0,18369.0,2022.0,815.0834935448487,24,6767.0,0.16666666666666666,-1.0252360787002874,-0.5604140551355127,-0.7003319823485763,-2.2859821161843765,0.1422239161324016
CISO,2025-02-23,24048.0,18030.0,2643.0,966.7482614863894,24,6018.0,0.125,-1.277720967554527,0.4126068066701356,-1.2034493054437976,-2.0685634663281887,0.1650340199038448
CISO,2025-02-24,25158.0,18251.0,2911.0,1135.2607749649035,24,6907.0,0.2916666666666667,-1.020130685727132,0.8325256326989822,0.8090199869370883,0.6214149339089385,0.4472484780146626
CISO,2025-02-25,26229.0,19795.0,1877.0,939.5242233728451,24,6434.0,0.20833333333333334,-0.7715908732612401,-0.7876089423526126,-0.19721465925335463,-1.7564144748672073,0.19778259456423375
CISO,2025-02-26,25632.0,19826.0,2102.0,952.462657604189,24,5806.0,0.20833333333333334,-0.9101326734873255,-0.4350651518433197,-0.19721465925335463,-1.5424124845839997,0.22023424537194583
CISO,2025-02-27,26305.0,19515.0,2236.0,972.3309873253261,24,6790.0,0.16666666666666666,-0.7539540611721572,-0.2251057388288964,-0.7003319823485763,-1.6793917823496298,0.20586329789968363
CISO,2025-02-28,26311.0,19339.0,1843.0,875.958936235606,24,6972.0,0.125,-0.7525616812703876,-0.8408822262517945,-1.2034493054437976,-2.79689321296598,0.08862255698828601
CISO,2025-03-01,24882.0,18830.0,1368.0,627.2240645685663,24,6052.0,0.16666666666666666,-1.0841801612085382,-1.5851413395491907,-0.7003319823485763,-3.3696534831063047,0.028532398178531846
CISO,2025-03-02,23728.0,18694.0,1851.0,779.92379783847,24,5034.0,0.16666666666666666,-1.3519812289822444,-0.8283473359225753,-0.7003319823485763,-2.880660547253396,0.07983425115979795
CISO,2025-03-03,24864.0,18936.0,2318.0,1073.8337446885732,24,5928.0,0.2916666666666667,-1.0883573009138474,-0.09662311295439854,0.8090199869370883,-0.3759604269311577,0.3426105571422286
CISO,2025-03-04,26653.0,20859.0,2544.0,1150.2227635536958,24,5794.0,0.25,-0.6731960268695145,0.25748753884604675,0.30590266384186665,-0.10980582418160112,0.37053370960398996
CISO,2025-03-05,26676.0,20026.0,1895.0,950.1561418212164,24,6650.0,0.3333333333333333,-0.6678585705793973,-0.7594054391118691,1.3121373100323093,-0.11512669965895728,0.36997547910318557
CISO,2025-03-06,27344.0,21072.0,1719.0,844.596523816833,24,6272.0,0.20833333333333334,-0.5128402748490372,-1.0351730263546937,-0.19721465925335463,-1.7452279604570855,0.19895620848697868
CISO,2025-03-07,26590.0,20883.0,1661.0,862.1934017124706,24,5707.0,0.20833333333333334,-0.6878160158380964,-1.1260509812415338,-0.19721465925335463,-2.0110816563329847,0.17106462515242057
CISO,2025-03-08,25387.0,12655.0,2639.0,1216.1217156082334,24,12732.0,0.16666666666666666,-0.9669881861429217,0.40633936150552596,-0.7003319823485763,-1.260980806985972,0.2497601658706176
CISO,2025-03-09,23260.0,15462.0,3027.0,1195.7421653880724,24,7798.0,0.16666666666666666,-1.460586861320281,1.0142815424726621,-0.7003319823485763,-1.1466373011961952,0.2617563181527729
CISO,2025-03-10,26022.0,15983.0,3190.0,1286.0855224340614,24,10039.0,0.125,-0.8196279798722949,1.2696799329305053,-1.2034493054437976,-0.7533973523855871,0.3030124111575824
CISO,2025-03-11,25377.0,19917.0,2317.0,1094.022609919234,24,5460.0,0.20833333333333334,-0.9693088193125379,-0.09818997424555095,-0.19721465925335463,-1.2647134528114434,0.24936856175258376
CISO,2025-03-12,26342.0,20485.0,1846.0,939.774610659694,24,5857.0,0.2916666666666667,-0.7453677184445774,-0.8361816423783374,0.8090199869370883,-0.7725293738858264,0.30100520802175845
CISO,2025-03-13,26421.0,20948.0,1953.0,900.644390889423,24,5473.0,0.2916666666666667,-0.7270347164046097,-0.6685274842250292,0.8090199869370883,-0.5865422136925506,0.32051773110554543
CISO,2025-03-14,27985.0,21390.0,2124.0,1088.026091305865,24,6595.0,0.25,-0.3640876886766407,-0.4005942034379666,0.30590266384186665,-0.4587792282727406,0.3339217650166331
CISO,2025-03-15,26415.0,18837.0,1719.0,741.4326894405282,24,7578.0,0.20833333333333334,-0.7284270963063794,-1.0351730263546937,-0.19721465925335463,-1.9608147819144277,0.1763382878419452
CISO,2025-03-16,23491.0,17616.0,2458.0,929.0415263101513,24,5875.0,0.16666666666666666,-1.4069802351021474,0.12273746780693924,-0.7003319823485763,-1.9845747496437844,0.1738455516858185
CISO,2025-03-17,25049.0,18624.0,1952.0,933.2756468327108,24,6425.0,0.3333333333333333,-1.0454255872759481,-0.6700943455161816,1.3121373100323093,-0.4033826227598205,0.33973360462271673
CISO,2025-03-18,26270.0,19448.0,2391.0,1096.5332318827316,24,6822.0,0.20833333333333334,-0.7620762772658138,0.017757761299727583,-0.19721465925335463,-0.9415331752194409,0.2832744648277499
CISO,2025-03-19,26444.0,18905.0,2493.0,1221.8289806560551,24,7539.0,0.125,-0.7216972601144925,0.17757761299727368,-1.2034493054437976,-1.7475689525610165,0.19871060732601978
CISO,2025-03-20,25599.0,19125.0,2140.0,1099.6027535340706,24,6474.0,0.25,-0.9177907629470589,-0.375524422779528,0.30590266384186665,-0.9874125218847201,0.2784611120675647
CISO,2025-03-21,25137.0,19610.0,2141.0,1086.5394708611052,24,5527.0,0.20833333333333334,-1.025004015383326,-0.3739575614883756,-0.19721465925335463,-1.5961762361250562,0.21459371383242626
CISO,2025-03-22,24357.0,18761.0,1744.0,711.0587890247018,24,5596.0,0.125,-1.206013402613387,-0.9960014940758835,-1.2034493054437976,-3.405464202133068,0.024775378172792833
CISO,2025-03-23,23279.0,16456.0,1796.0,773.1096710078052,24,6823.0,0.125,-1.4561776582980104,-0.914524706935958,-1.2034493054437976,-3.5741516706777663,0.007077822489360165
CISO,2025-03-24,24131.0,17145.0,2597.0,1078.0265484348865,24,6986.0,0.25,-1.2584597122467127,0.3405311872771246,0.30590266384186665,-0.6120258611277214,0.3178441580571634
CISO,2025-03-25,26721.0,19092.0,1955.0,1102.648641759429,24,7629.0,0.125,-0.6574157213161246,-0.6653937616427243,-1.2034493054437976,-2.5262587884026466,0.11701570225203284
CISO,2025-03-26,27028.0,20418.0,1628.0,901.3629253460595,24,6610.0,0.16666666666666666,-0.5861722830089081,-1.1777574038495633,-0.7003319823485763,-2.4642616692070476,0.12352002340073627
CISO,2025-03-27,25775.0,19320.0,1998.0,866.5560854759271,24,6455.0,0.2916666666666667,-0.8769476191618143,-0.5980187261231706,0.8090199869370883,-0.6659463583478965,0.3121871818142626
CISO,2025-03-28,24758.0,20224.0,1614.0,877.9952295931942,24,4534.0,0.20833333333333334,-1.1129560125117788,-1.1996934619256971,-0.19721465925335463,-2.5098641336908307,0.11873571925848957
CISO,2025-03-29,24536.0,17416.0,1346.0,658.1428196178189,24,7120.0,0.16666666666666666,-1.1644740688772577,-1.6196122879545438,-0.7003319823485763,-3.484418339180378,0.016492040655863474
CISO,2025-03-30,23212.0,17755.0,2053.0,838.8686480585933,24,5457.0,0.20833333333333334,-1.4717259005344387,-0.5118413551097879,-0.19721465925335463,-2.1807819148975813,0.15326081434566782
CISO,2025-03-31,26198.0,19248.0,1844.0,944.0578310706378,24,6950.0,0.20833333333333334,-0.7787848360870503,-0.8393153649606422,-0.19721465925335463,-1.815314860301047,0.19160316191292917
CISO,2025-04-01,25906.0,20519.0,3984.0,1660.5664428838384,24,5387.0,0.25,-0.8465473246398424,2.513767798105521,0.30590266384186665,1.9731231373075453,0.5890606197450413
CISO,2025-04-02,25894.0,20572.0,2262.0,948.4992837658591,24,5322.0,0.16666666666666666,-0.8493320844433818,-0.18436734525893367,-0.7003319823485763,-1.7340314120508917,0.20013087510916677
CISO,2025-04-03,25350.0,20055.0,1964.0,996.0603691835004,24,5295.0,0.16666666666666666,-0.9755745288705014,-0.6512920100223526,-0.7003319823485763,-2.3271985212414306,0.13789976787253932
CISO,2025-04-04,25530.0,20311.0,1948.0,911.0396672825607,24,5219.0,0.2916666666666667,-0.9338031318174105,-0.6763617906807913,0.8090199869370883,-0.8011449355611134,0.29800305557658796
CISO,2025-04-05,24656.0,17458.0,1549.0,697.7995733484059,24,7198.0,0.125,-1.1366264708418636,-1.301539445850604,-1.2034493054437976,-3.6416152221362648,0.0
CISO,2025-04-06,23628.0,18217.0,1789.0,802.0591931243994,24,5411.0,0.125,-1.375187560678406,-0.9254927359740249,-1.2034493054437976,-3.5041296020962287,0.01442406740299782
CISO,2025-04-07,24820.0,18354.0,1868.0,1003.9765058383399,24,6466.0,0.25,-1.0985680868601586,-0.8017106939729842,0.30590266384186665,-1.594376116991276,0.21478257023581968
CISO,2025-04-08,26104.0,20145.0,1771.0,913.8508811458325,24,5959.0,0.16666666666666666,-0.8005987878814422,-0.9536962392147683,-0.7003319823485763,-2.4546270094447866,0.12453082716170658
CISO,2025-04-09,26358.0,20264.0,1681.0,902.8172562531167,24,6094.0,0.125,-0.7416547053731916,-1.0947137554184854,-1.2034493054437976,-3.0398177662354744,0.0631365452207865
CISO,2025-04-10,27565.0,20116.0,1909.0,987.9345594929755,24,7449.0,0.16666666666666666,-0.46155428180051983,-0.7374693810357353,-0.7003319823485763,-1.8993556451848315,0.18278616748535523
CISO,2025-04-11,27788.0,20575.0,1765.0,998.2035521484279,24,7213.0,0.16666666666666666,-0.40980416211807924,-0.9630974069616828,-0.7003319823485763,-2.0732335514283387,0.16454406595635065
CISO,2025-04-12,27543.0,19882.0,1443.0,800.9818962925478,24,7661.0,0.16666666666666666,-0.4666596747736754,-1.4676267427127596,-0.7003319823485763,-2.634618399835011,0.10564733995634015
CISO,2025-04-13,25019.0,18528.0,2127.0,908.2095102413064,24,6491.0,0.125,-1.0523874867847967,-0.39589361956450936,-1.2034493054437976,-2.6517304117931033,0.10385206264797472
CISO,2025-04-14,25440.0,18534.0,2125.0,996.4475123796216,24,6906.0,0.2916666666666667,-0.954688830343956,-0.3990273421468142,0.8090199869370883,-0.5446961855536819,0.3249079351883216
CISO,2025-04-15,26873.0,20519.0,1558.0,952.3926353579483,24,6354.0,0.25,-0.6221420971379588,-1.2874376942302321,0.30590266384186665,-1.6036771275263242,0.21380677070977133
CISO,2025-04-16,26932.0,20682.0,1682.0,903.0593733991459,24,6250.0,0.375,-0.6084503614372234,-1.093146894127333,1.8152546331275308,0.11365737756297434,0.3939779671424499
CISO,2025-04-17,28038.0,20286.0,2678.0,1059.7563296630362,24,7752.0,0.20833333333333334,-0.35178833287767497,0.46744695186047003,-0.19721465925335463,-0.08155604027055957,0.37349748710402464
CISO,2025-04-18,26275.0,20506.0,1773.0,892.8427811681393,24,5769.0,0.2916666666666667,-0.7609159606810058,-0.9505625166324635,0.8090199869370883,-0.9024584903763809,0.2873739181943134
CISO,2025-04-19,25324.0,17886.0,2083.0,882.6835523692444,24,7438.0,0.125,-0.9816081751115036,-0.46483551637521553,-1.2034493054437976,-2.6498929969305167,0.10404483186862123
CISO,2025-04-20,23868.0,16129.0,1804.0,902.2226168536893,24,7739.0,0.125,-1.319492364607618,-0.9019898166067387,-1.2034493054437976,-3.4249314866581546,0.022733001493243227
CISO,2025-04-21,24295.0,16514.0,1912.0,956.038198102923,24,7781.0,0.2916666666666667,-1.2204013282650075,-0.7327687971622782,0.8090199869370883,-1.1441501384901973,0.26201725455108926
CISO,2025-04-22,27048.0,20288.0,1903.0,992.0318767888547,24,6760.0,0.125,-0.5815310166696758,-0.7468705487826498,-1.2034493054437976,-2.531850870896123,0.1164290185335062
CISO,2025-04-23,26983.0,20814.0,1583.0,943.9277781495355,24,6169.0,0.16666666666666666,-0.5966151322721809,-1.248266161951422,-0.7003319823485763,-2.545213276572179,0.11502712472030957
CISO,2025-04-24,26559.0,20877.0,1718.0,1006.9008377697623,24,5682.0,0.20833333333333334,-0.6950099786639066,-1.0367398876458462,-0.19721465925335463,-1.9289645255631074,0.17967980271659478
CISO,2025-04-25,26853.0,21079.0,1366.0,865.9227203444287,24,5774.0,0.3333333333333333,-0.6267833634771911,-1.5882750621314954,1.3121373100323093,-0.9029211155763772,0.28732538266699703
CISO,2025-04-26,25368.0,20100.0,1592.0,862.2940543874138,24,5268.0,0.20833333333333334,-0.9713973891651924,-1.2341644103310503,-0.19721465925335463,-2.4027764587495977,0.12997063852446708
CISO,2025-04-27,23653.0,20017.0,1415.0,602.7108086309551,24,3636.0,0.16666666666666666,-1.3693859777543655,-1.5114988588650273,-0.7003319823485763,-3.5812168189679694,0.006336594605888508
CISO,2025-04-28,24457.0,19657.0,1688.0,875.9924020251528,24,4800.0,0.375,-1.1828070709172256,-1.0837457263804187,1.8152546331275308,-0.4512981641701135,0.33470662799234663
CISO,2025-04-29,25826.0,20555.0,1788.0,887.7694528700994,24,5271.0,0.125,-0.8651123899967718,-0.9270595972651773,-1.2034493054437976,-2.9956212927057466,0.06777334223986359
CISO,2025-04-30,26718.0,20793.0,1576.0,948.5824167932248,24,5925.0,0.125,-0.6581119112670094,-1.2592341909894889,-1.2034493054437976,-3.120795407700296,0.054640915217559656
CISO,2025-05-01,27298.0,20731.0,1967.0,1040.7815198692997,24,6567.0,0.125,-0.5235151874292716,-0.6465914261488954,-1.2034493054437976,-2.373555919021965,0.133036261201665
CISO,2025-05-02,26988.0,21111.0,1588.0,921.1672612443442,24,5877.0,0.125,-0.5954548156873728,-1.24043185549566,-1.2034493054437976,-3.0393359766268304,0.06318709134908065
CISO,2025-05-03,26922.0,20428.0,1517.0,850.8925194818349,24,6494.0,0.125,-0.6107709946068396,-1.3516790071674811,-1.2034493054437976,-3.165899307218118,0.04990891716137271
CISO,2025-05-04,24138.0,18568.0,1942.0,859.3040061584724,24,5570.0,0.125,-1.2568352690279814,-0.6857629584277057,-1.2034493054437976,-3.146047532899485,0.05199163192643457
CISO,2025-05-05,26054.0,18988.0,1669.0,920.0329349807404,24,7066.0,0.125,-0.8122019537295231,-1.1135160909123143,-1.2034493054437976,-3.129167350085635,0.053762587278790644
CISO,2025-05-06,27191.0,20620.0,1462.0,858.5827173946001,24,6571.0,0.16666666666666666,-0.5483459623441646,-1.4378563781808638,-0.7003319823485763,-2.6865343228736043,0.10020067016658721
CISO,2025-05-07,27136.0,20991.0,1576.0,861.9750786605631,24,6145.0,0.125,-0.5611094447770535,-1.2592341909894889,-1.2034493054437976,-3.02379294121034,0.06481776218163283
CISO,2025-05-08,27329.0,20904.0,1919.0,951.4239975890904,24,6425.0,0.125,-0.5163212246034614,-0.7218007681242112,-1.2034493054437976,-2.4415712981714703,0.1259005446590387
CISO,2025-05-09,29107.0,21406.0,2552.0,1048.9021037200785,24,7701.0,0.16666666666666666,-0.10371264704570642,0.27002242917526603,-0.7003319823485763,-0.5340222002190167,0.326027778004472
CISO,2025-05-10,32240.0,21610.0,2453.0,1144.2965277751484,24,10630.0,0.16666666666666666,0.6233417249950397,0.11490316135117717,-0.7003319823485763,0.03791290399764058,0.38603136595031934
CISO,2025-05-11,32624.0,20578.0,2184.0,1201.222888366781,24,12046.0,0.125,0.7124540387083006,-0.30658252596882185,-1.2034493054437976,-0.7975777927043188,0.2983772962352659
CISO,2025-05-12,28220.0,21141.0,2061.0,999.3492629082999,24,7079.0,0.2916666666666667,-0.3095528091906607,-0.4993064647805686,0.8090199869370883,0.0001607129658590667,0.38207065974777465
CISO,2025-05-13,26815.0,20989.0,1828.0,881.2355610904697,24,5826.0,0.25,-0.6356017695217325,-0.8643851456190808,0.30590266384186665,-1.1940842512989465,0.25677850297363297
CISO,2025-05-14,26594.0,21102.0,1704.0,864.6634167555387,24,5492.0,0.16666666666666666,-0.68688776257025,-1.0586759457219799,-0.7003319823485763,-2.445895690640806,0.12544685845944523
CISO,2025-05-15,27127.0,21186.0,1589.0,919.1702149536673,24,5941.0,0.20833333333333334,-0.5631980146297081,-1.2388649942045074,-0.19721465925335463,-1.9992776680875701,0.17230302028077274
CISO,2025-05-16,28022.0,21464.0,1745.0,980.9722883113378,24,6558.0,0.16666666666666666,-0.35550134594906085,-0.994434632784731,-0.7003319823485763,-2.050267961082368,0.16695346137532938
CISO,2025-05-17,27631.0,20895.0,1397.0,713.0674043794218,24,6736.0,0.16666666666666666,-0.4462381028810531,-1.5397023621057706,-0.7003319823485763,-2.6862724473354,0.10022814438835058
CISO,2025-05-18,24706.0,18857.0,1379.0,716.344088592116,24,5849.0,0.16666666666666666,-1.1250233049937828,-1.567905865346514,-0.7003319823485763,-3.393261152688873,0.02605564012058
CISO,2025-05-19,26504.0,18889.0,2494.0,1084.223383816496,24,7615.0,0.2916666666666667,-0.7077734610967955,0.1791444742884261,0.8090199869370883,0.28039100012871887,0.4114705384348801
CISO,2025-05-20,29659.0,22220.0,3052.0,1110.4621565307648,24,7439.0,0.16666666666666666,0.024386303917106174,1.0534530747514723,-0.7003319823485763,0.3775073963200022,0.42165933813765183
CISO,2025-05-21,31150.0,22484.0,2196.0,1097.0902093885588,24,8666.0,0.20833333333333334,0.37039270950687714,-0.2877801904749929,-0.19721465925335463,-0.11460214022147042,0.3700305123545248
CISO,2025-05-22,32012.0,22552.0,2148.0,1047.6155396139272,24,9460.0,0.20833333333333334,0.570431288727791,-0.3629895324503087,-0.19721465925335463,0.010227097024127718,0.3831267571208574
CISO,2025-05-23,30108.0,22273.0,1879.0,1026.3576798351155,24,7835.0,0.20833333333333334,0.1285827332328722,-0.7844752197703078,-0.19721465925335463,-0.8531071457907902,0.292551529645779
CISO,2025-05-24,28152.0,20855.0,1486.0,766.0791148079468,24,7297.0,0.16666666666666666,-0.32533311474405063,-1.400251707193206,-0.7003319823485763,-2.4259168042858326,0.1275429089652149
CISO,2025-05-25,26105.0,19428.0,1706.0,865.6242909273502,24,6677.0,0.16666666666666666,-0.8003667245644807,-1.0555422231396752,-0.7003319823485763,-2.5562409300527325,0.11387017741880932
CISO,2025-05-26,25503.0,19853.0,2740.0,1047.8293885629625,24,5650.0,0.16666666666666666,-0.940068841375374,0.5645923519119196,-0.7003319823485763,-1.0758084718120307,0.26918720298869336
CISO,2025-05-27,27202.0,20943.0,2066.0,1043.0381756530128,24,6259.0,0.20833333333333334,-0.5457932658575868,-0.49147215832480656,-0.19721465925335463,-1.2344800834357479,0.25254044371062256
CISO,2025-05-28,29674.0,22072.0,2150.0,1158.4835282147637,24,7602.0,0.16666666666666666,0.02786725367153043,-0.35985580986800386,-0.7003319823485763,-1.0323205385450498,0.2737496647245268
CISO,2025-05-29,28805.0,22010.0,2429.0,994.2665775202911,24,6795.0,0.16666666666666666,-0.17379576876811476,0.07729849036351927,-0.7003319823485763,-0.7968292607531717,0.29845582717772734
CISO,2025-05-30,30792.0,22604.0,2721.0,1137.003440749131,24,8188.0,0.25,0.28731404203461824,0.5348219873800237,0.30590266384186665,1.1280386932565087,0.5004000385244928
CISO,2025-05-31,36147.0,23673.0,2397.0,1264.3297409460001,24,12474.0,0.16666666666666666,1.5300131043640772,0.027158929046642057,-0.7003319823485763,0.856840051062143,0.4719476993382281
CISO,2025-06-01,34298.0,22367.0,2134.0,1047.6563483678044,24,11931.0,0.20833333333333334,1.1009280313020475,-0.3849255905264425,-0.19721465925335463,0.5187877815222504,0.43648152680207575
CISO,2025-06-02,29965.0,21868.0,1904.0,992.1346761300657,24,8097.0,0.25,0.09539767890736098,-0.7453036874914974,0.30590266384186665,-0.34400334474226985,0.3459632794659264
CISO,2025-06-03,30965.0,23001.0,1825.0,1043.1568509000504,24,7964.0,0.20833333333333334,0.327460995868978,-0.869085729492538,-0.19721465925335463,-0.7388393928769146,0.30453973444522553
CISO,2025-06-04,29875.0,22714.0,3027.0,1063.4620350534383,24,7161.0,0.375,0.07451198038081544,1.0142815424726621,1.8152546331275308,2.904048155981008,0.6867270172386327
CISO,2025-06-05,30690.0,22912.0,3511.0,1285.5911958418535,24,7778.0,0.3333333333333333,0.2636435837045333,1.7726424073904299,1.3121373100323093,3.348423301127273,0.7333478714337125
CISO,2025-06-06,29938.0,22642.0,2676.0,1098.631309231258,24,7296.0,0.3333333333333333,0.08913196934939732,0.4643132292781652,1.3121373100323093,1.8655825086598719,0.5777781796198624
CISO,2025-06-07,29935.0,22255.0,3112.0,1076.7374760782243,24,7680.0,0.20833333333333334,0.08843577939851247,1.1474647522206172,-0.19721465925335463,1.038685872365775,0.49102574097395174
CISO,2025-06-08,28763.0,21073.0,2584.0,1060.7563535829831,24,7690.0,0.16666666666666666,-0.18354242808050267,0.3201619904921432,-0.7003319823485763,-0.5637124199369358,0.32291287965876597
CISO,2025-06-09,30091.0,21810.0,3608.0,1333.0160956387153,24,8281.0,0.20833333333333334,0.12463765684452471,1.9246279526322139,-0.19721465925335463,1.852050950223384,0.5763585394356842
CISO,2025-06-10,31970.0,22796.0,2830.0,1231.0498811106759,24,9174.0,0.16666666666666666,0.5606846294154031,0.7056098681156368,-0.7003319823485763,0.5659625151824634,0.44143078286125664
CISO,2025-06-11,32284.0,23013.0,2669.0,1160.3206820292946,24,9271.0,0.16666666666666666,0.6335525109413508,0.45334520024009833,-0.7003319823485763,0.38656572883287277,0.42260967751631817
CISO,2025-06-12,31187.0,22892.0,3014.0,1131.6462413580095,24,8295.0,0.16666666666666666,0.37897905223445694,0.9939123456876807,-0.7003319823485763,0.6725594155735612,0.4526142133592541
CISO,2025-06-13,30334.0,22404.0,2127.0,1034.2687362772692,24,7930.0,0.16666666666666666,0.18102904286619764,-0.39589361956450936,-0.7003319823485763,-0.915196559046888,0.2860375256244294
CISO,2025-06-14,30073.0,21814.0,2197.0,1029.3368767304032,24,8259.0,0.20833333333333334,0.12046051713921561,-0.28621332918384046,-0.19721465925335463,-0.36296747129797946,0.3439736907394917
CISO,2025-06-15,30018.0,20936.0,2190.0,1084.1453982585626,24,9082.0,0.16666666666666666,0.10769703470632667,-0.2971813582219074,-0.7003319823485763,-0.889816305864157,0.2887002512426159
CISO,2025-06-16,32311.0,21938.0,2915.0,1375.0908586581531,24,10373.0,0.16666666666666666,0.6398182204993145,0.8387930778635918,-0.7003319823485763,0.77827931601433,0.4637056349155726
CISO,2025-06-17,34708.0,23268.0,3531.0,1446.3565713618957,24,11440.0,0.16666666666666666,1.1960739912563105,1.803979633213478,-0.7003319823485763,2.299721642121212,0.6233251402511046
CISO,2025-06-18,34847.0,23978.0,3525.0,1336.7439241831548,24,10869.0,0.16666666666666666,1.2283307923139752,1.7945784654665635,-0.7003319823485763,2.3225772754319625,0.6257229997168179
CISO,2025-06-19,36124.0,23257.0,3322.0,1425.2647554712091,24,12867.0,0.16666666666666666,1.52467564807396,1.476505623362624,-0.7003319823485763,2.300849289088008,0.6234434453934978
CISO,2025-06-20,31662.0,22442.0,2456.0,1220.8429346211954,24,9220.0,0.20833333333333334,0.48920912779122505,0.1196037452246344,-0.19721465925335463,0.4115982137625049,0.42523591762626134
CISO,2025-06-21,28672.0,20520.0,1820.0,915.2004136261354,24,8152.0,0.20833333333333334,-0.2046601899240098,-0.8769200359483,-0.19721465925335463,-1.2787948851256645,0.2478912324960991
CISO,2025-06-22,26254.0,20082.0,1803.0,947.2624745297229,24,6172.0,0.16666666666666666,-0.7657892903371997,-0.9035566778978911,-0.7003319823485763,-2.369677950583667,0.13344311159172337
CISO,2025-06-23,28184.0,20997.0,2542.0,1159.489567857777,24,7187.0,0.375,-0.3179070886012789,0.2543538162637419,1.8152546331275308,1.7517013607899938,0.5658305348237919
CISO,2025-06-24,30117.0,22139.0,2545.0,1089.7459940379406,24,7978.0,0.20833333333333334,0.13067130308552677,0.25905440013719916,-0.19721465925335463,0.1925110439693713,0.40225076395485954
CISO,2025-06-25,29676.0,22511.0,2537.0,1163.190465044747,24,7165.0,0.3333333333333333,0.028331380305453662,0.24651950980797985,1.3121373100323093,1.5869882001457427,0.5485499368194213
CISO,2025-06-26,32112.0,22973.0,3387.0,1270.4201518863122,24,9139.0,0.20833333333333334,0.5936376204239527,1.5783516072875305,-0.19721465925335463,1.9747745684581288,0.589233876804365
CISO,2025-06-27,32818.0,22948.0,2640.0,1250.037303066581,24,9870.0,0.16666666666666666,0.7574743221988542,0.4079062227966784,-0.7003319823485763,0.46504856264695626,0.4308435690649977
CISO,2025-06-28,34439.0,22623.0,2524.0,1244.1834992114889,24,11816.0,0.16666666666666666,1.1336489589936354,0.22615031302299848,-0.7003319823485763,0.6594672896680576,0.4512406754834056
CISO,2025-06-29,34504.0,21876.0,2815.0,1346.3356542261592,24,12628.0,0.16666666666666666,1.1487330745961406,0.6821069487483505,-0.7003319823485763,1.1305080409959147,0.5006591058962242
CISO,2025-06-30,33954.0,22802.0,3070.0,1412.6716876547957,24,11152.0,0.16666666666666666,1.0210982502672512,1.0816565779922158,-0.7003319823485763,1.402422845910891,0.5291865800627915
CISO,2025-07-01,35887.0,23611.0,2517.0,1343.8321090518862,24,12276.0,0.16666666666666666,1.4696766419540568,0.21518228398493158,-0.7003319823485763,0.984526943590412,0.4853437500944509
CISO,2025-07-02,35487.0,24428.0,2345.0,1286.5259696765447,24,11059.0,0.16666666666666666,1.3768513151694102,-0.054317858093283405,-0.7003319823485763,0.6222014747275504,0.4473309965920932
CISO,2025-07-03,34009.0,23742.0,2175.0,1197.5872090116886,24,10267.0,0.20833333333333334,1.03386173270014,-0.32068427758919354,-0.19721465925335463,0.5159627958575919,0.4361851482889798
CISO,2025-07-04,32562.0,22554.0,2353.0,1111.6590910808084,24,10008.0,0.16666666666666666,0.6980661130566803,-0.0417829677640641,-0.7003319823485763,-0.04404883705596008,0.3774324908310165
CISO,2025-07-05,29506.0,21741.0,1755.0,898.3790707213436,24,7765.0,0.20833333333333334,-0.011119383578021228,-0.9787660198732069,-0.19721465925335463,-1.1871000627045827,0.2575112371098358
CISO,2025-07-06,30993.0,21240.0,2416.0,1106.0734670412965,24,9753.0,0.20833333333333334,0.33395876874390323,0.0569292935785379,-0.19721465925335463,0.19367340306908648,0.40237271086098614
CISO,2025-07-07,32165.0,23238.0,2606.0,1320.8196997879106,24,8927.0,0.16666666666666666,0.6059369762229184,0.3546329388974963,-0.7003319823485763,0.2602379327718385,0.4093562140288211
CISO,2025-07-08,34259.0,23809.0,2662.0,1307.7642215085912,24,10450.0,0.16666666666666666,1.0918775619405443,0.4423771712020314,-0.7003319823485763,0.8339227507939995,0.46954337018972386
CISO,2025-07-09,35238.0,24426.0,3867.0,1450.8154228930528,24,10812.0,0.20833333333333334,1.3190675492459674,2.330445027040689,-0.19721465925335463,3.4522979170333015,0.7442456981362634
CISO,2025-07-10,36823.0,24629.0,4241.0,1576.2887843037324,24,12194.0,0.16666666666666666,1.6868879066301303,2.916451149931691,-0.7003319823485763,3.903007074213245,0.7915310743117406
CISO,2025-07-11,39513.0,24917.0,3029.0,1620.1278711387504,24,14596.0,0.16666666666666666,2.3111382292568803,1.0174152650549668,-0.7003319823485763,2.628221511963271,0.6577891391994897
CISO,2025-07-12,37780.0,24213.0,2211.0,1305.8604297383858,24,13567.0,0.16666666666666666,1.908972500962398,-0.2642772711077067,-0.7003319823485763,0.944363247506115,0.48113004498620243
CISO,2025-07-13,34493.0,22965.0,2325.0,1265.0244648777075,24,11528.0,0.16666666666666666,1.1461803781095627,-0.08565508391633166,-0.7003319823485763,0.36019331184465475,0.4198428607386272
CISO,2025-07-14,34164.0,24120.0,2466.0,1349.829263894759,24,10044.0,0.20833333333333334,1.0698315468291908,0.13527235813615854,-0.19721465925335463,1.0078892457119948,0.4877947658471732
CISO,2025-07-15,36645.0,24842.0,2830.0,1269.4180560741038,24,11803.0,0.16666666666666666,1.6455806362109626,0.7056098681156368,-0.7003319823485763,1.6508585219780232,0.555250781801549
CISO,2025-07-16,34443.0,24413.0,2148.0,1059.364175589178,24,10030.0,0.20833333333333334,1.134577212261482,-0.3629895324503087,-0.19721465925335463,0.5743730205578186,0.4423131565698093
CISO,2025-07-17,33355.0,24038.0,2047.0,1061.665058129057,24,9317.0,0.20833333333333334,0.8820923234072426,-0.5212425228567024,-0.19721465925335463,0.16363514129718565,0.3992212982816879
CISO,2025-07-18,33756.0,24184.0,2291.0,1123.9252958502952,24,9572.0,0.20833333333333334,0.975149713508851,-0.13892836781551368,-0.19721465925335463,0.6390066864399828,0.4490940864802661
CISO,2025-07-19,32957.0,23452.0,2829.0,1216.4691838934182,24,9505.0,0.25,0.7897311232565191,0.7040430068244844,0.30590266384186665,1.7996767939228702,0.5708637948912455
CISO,2025-07-20,31770.0,22353.0,2280.0,1175.4585290954285,24,9417.0,0.16666666666666666,0.5142719660230797,-0.15616384201819022,-0.7003319823485763,-0.34222385834368685,0.3461499712213871
CISO,2025-07-21,31078.0,22676.0,2563.0,1283.4228514327267,24,8402.0,0.4166666666666667,0.3536841506856407,0.28725790337794255,2.3183719562227525,2.959314010286336,0.6925251393066146
CISO,2025-07-22,31299.0,23300.0,2288.0,1099.260301359477,24,7999.0,0.2916666666666667,0.4049701437341581,-0.14362895168897094,0.8090199869370883,1.0703611789822753,0.49434890129802034
CISO,2025-07-23,30883.0,23354.0,2765.0,1118.1059262515519,24,7529.0,0.2916666666666667,0.3084318038781254,0.6037638841907299,0.8090199869370883,1.7212156750059435,0.5626321815236598
CISO,2025-07-24,32038.0,23343.0,2501.0,1187.0702876214293,24,8695.0,0.2916666666666667,0.576464934968793,0.190112503326493,0.8090199869370883,1.5755974252323743,0.5473548932572294
CISO,2025-07-25,32199.0,23247.0,2428.0,1193.2433331780712,24,8952.0,0.20833333333333334,0.6138271289996133,0.07573162907236686,-0.19721465925335463,0.49234409881862556,0.4337072333044031
CISO,2025-07-26,30278.0,22472.0,1780.0,883.2681152434958,24,7806.0,0.20833333333333334,0.1680334971163471,-0.9395944875943966,-0.19721465925335463,-0.9687756497314042,0.2804163674611266
CISO,2025-07-27,28395.0,21216.0,2085.0,973.778334409437,24,7179.0,0.16666666666666666,-0.2689417287223777,-0.4617017937929107,-0.7003319823485763,-1.4309755048638646,0.23192546446963516
CISO,2025-07-28,29682.0,22702.0,2533.0,1151.2330597976304,24,6980.0,0.4583333333333333,0.029723760207223365,0.24025206464337018,2.8214892793179733,3.091465104168567,0.7063895440711427
CISO,2025-07-29,33780.0,23654.0,2567.0,1328.0178320786363,24,10126.0,0.16666666666666666,0.9807192331159299,0.29352534854255224,-0.7003319823485763,0.5739125993099059,0.4422648522663358
CISO,2025-07-30,34661.0,23608.0,2817.0,1298.7677095638765,24,11053.0,0.16666666666666666,1.1851670153591145,0.6852406713306554,-0.7003319823485763,1.1700757043411936,0.5048102792546106
CISO,2025-07-31,34821.0,23299.0,3048.0,1327.710672030314,24,11522.0,0.16666666666666666,1.2222971460729732,1.0471856295868627,-0.7003319823485763,1.5691507933112596,0.5466785559550055
CISO,2025-08-01,35140.0,23776.0,2911.0,1297.6457919822633,24,11364.0,0.16666666666666666,1.296325344183729,0.8325256326989822,-0.7003319823485763,1.4285189945341348,0.5319244126200489
CISO,2025-08-02,34544.0,23192.0,2419.0,1157.685283477211,24,11352.0,0.20833333333333334,1.1580156072746053,0.061629877451995135,-0.19721465925335463,1.022430825473246,0.48932037068178263
CISO,2025-08-03,33025.0,21989.0,2769.0,1329.381056264013,24,11036.0,0.20833333333333334,0.805511428809909,0.6100313293553395,-0.19721465925335463,1.218328098911894,0.5098725962550442
CISO,2025-08-04,32748.0,23080.0,3028.0,1457.7204335258666,24,9668.0,0.25,0.741229890011541,1.0158484037638145,0.30590266384186665,2.062980957617222,0.5984878984412121
CISO,2025-08-05,34757.0,23652.0,3369.0,1406.774445524125,24,11105.0,0.16666666666666666,1.2074450937874297,1.5501481040467873,-0.7003319823485763,2.0572612154856404,0.5978878215312801
CISO,2025-08-06,35552.0,24654.0,3724.0,1457.9114603044168,24,10898.0,0.16666666666666666,1.3919354307719152,2.106383862405894,-0.7003319823485763,2.7979873108292326,0.6755998260542555
CISO,2025-08-07,39804.0,25504.0,4815.0,1738.200976834832,24,14300.0,0.125,2.3786686544927105,3.815829531053176,-1.2034493054437976,4.991048880102089,0.9056811093543149
CISO,2025-08-08,41198.0,25690.0,3544.0,1627.0960439482003,24,15508.0,0.16666666666666666,2.7021649183372047,1.8243488299984594,-0.7003319823485763,3.826181765987088,0.7834710792097985
CISO,2025-08-09,40577.0,24588.0,2703.0,1466.4188997325266,24,15989.0,0.16666666666666666,2.5580535985040407,0.5066184841392803,-0.7003319823485763,2.3643401002947444,0.6301044746709618
CISO,2025-08-10,37498.0,23356.0,3114.0,1417.111879743496,24,14142.0,0.16666666666666666,1.843530645579222,1.1505984748029219,-0.7003319823485763,2.2937971380335673,0.6227035810926658
CISO,2025-08-11,37018.0,24557.0,3713.0,1543.5887127503993,24,12461.0,0.16666666666666666,1.7321402534376458,2.0891483882032174,-0.7003319823485763,3.120956659292287,0.7094835998625768
CISO,2025-08-12,38848.0,25193.0,3191.0,1462.0069681776486,24,13655.0,0.16666666666666666,2.156816123477405,1.2712467942216576,-0.7003319823485763,2.727730935350486,0.6682289992354168
CISO,2025-08-13,37768.0,24970.0,2821.0,1466.1835100508144,24,12798.0,0.125,1.9061877411588584,0.691508116495265,-1.2034493054437976,1.394246552210326,0.5283287782693435
CISO,2025-08-14,36655.0,24649.0,3263.0,1434.3375478202322,24,12006.0,0.20833333333333334,1.6479012693805788,1.3840608071846314,-0.19721465925335463,2.8347474173118554,0.6794564494123371
CISO,2025-08-15,35293.0,24225.0,2601.0,1230.8604860957576,24,11068.0,0.20833333333333334,1.3318310316788564,0.34679863244173426,-0.19721465925335463,1.481415004867236,0.5374739065829239
CISO,2025-08-16,34674.0,23514.0,2877.0,1213.596054730721,24,11160.0,0.20833333333333334,1.1881838384796155,0.7792523487998002,-0.19721465925335463,1.7702215280260611,0.5677735463216491
CISO,2025-08-17,31783.0,22347.0,2319.0,1019.1644595707672,24,9436.0,0.20833333333333334,0.5172887891435807,-0.09505625166324613,-0.19721465925335463,0.22501787822697988,0.40566116257148055
CISO,2025-08-18,31999.0,22657.0,3354.0,1339.8462246829304,24,9342.0,0.25,0.5674144656072899,1.526645184679501,0.30590266384186665,2.3999623141286577,0.6338417179785509
CISO,2025-08-19,35258.0,24098.0,3055.0,1402.7898283549937,24,11160.0,0.16666666666666666,1.3237088155851997,1.0581536586249296,-0.7003319823485763,1.681530491861553,0.5584686787776394
CISO,2025-08-20,37701.0,25183.0,2994.0,1493.2409013594404,24,12518.0,0.125,1.8906394989224302,0.9625751198646324,-1.2034493054437976,1.6497653133432653,0.5551360896975406
CISO,2025-08-21,40881.0,25610.0,4180.0,1812.1550686278542,24,15271.0,0.125,2.628600846860372,2.820872611171394,-1.2034493054437976,4.246024152587969,0.8275181212291974
CISO,2025-08-22,43860.0,27293.0,3075.0,1687.7355933234965,24,16567.0,0.16666666666666666,3.319917468089029,1.0894908844479778,-0.7003319823485763,3.7090763701884306,0.7711851679867725
CISO,2025-08-23,43028.0,26425.0,3472.0,1594.146474981409,24,16603.0,0.16666666666666666,3.1268407883769638,1.7115348170354858,-0.7003319823485763,4.138043623063874,0.8161895296600326
CISO,2025-08-24,38020.0,25201.0,3638.0,1408.1160086585835,24,12819.0,0.20833333333333334,1.964667697033186,1.9716337913667863,-0.19721465925335463,3.7390868291466175,0.7743336636816803
CISO,2025-08-25,38905.0,26677.0,4097.0,1540.4367105006202,24,12228.0,0.125,2.170043732544217,2.690823124005744,-1.2034493054437976,3.657417551106164,0.7657654718164755
CISO,2025-08-26,40192.0,26421.0,3539.0,1528.2112015193695,24,13771.0,0.16666666666666666,2.468709221473818,1.8165145235426974,-0.7003319823485763,3.5848917626679393,0.758156553439529
CISO,2025-08-27,38730.0,24910.0,4201.0,1601.14244482594,24,13820.0,0.125,2.129432652075934,2.8537766982855945,-1.2034493054437976,3.7797600449177313,0.7786008241716892
CISO,2025-08-28,38959.0,26067.0,2538.0,1251.1128234901316,24,12892.0,0.16666666666666666,2.1825751516601444,0.24808637109913226,-0.7003319823485763,1.7303295404107002,0.5635883470401827
CISO,2025-08-29,35843.0,25164.0,3376.0,1352.7155772633857,24,10679.0,0.2916666666666667,1.4594658560077458,1.5611161330848542,0.8090199869370883,3.829601976029688,0.7838299046649443
CISO,2025-08-30,38175.0,23869.0,4481.0,1541.2220018731798,24,14306.0,0.16666666666666666,2.0006375111622368,3.2924978598082704,-0.7003319823485763,4.592803388621931,0.8638998684479783
CISO,2025-08-31,38953.0,23449.0,4326.0,1719.3824388467194,24,15504.0,0.125,2.1811827717583747,3.0496343596796462,-1.2034493054437976,4.027367825994224,0.8045781687311714
CISO,2025-09-01,39587.0,23966.0,4183.0,1688.2461356368487,24,15621.0,0.125,2.32831091471204,2.8255731950448513,-1.2034493054437976,3.950434804313094,0.7965068730573273
CISO,2025-09-02,41525.0,27360.0,2897.0,1589.8273422799311,24,14165.0,0.125,2.7780496229836533,0.8105895746228484,-1.2034493054437976,2.385189892162704,0.6322918947309968
CISO,2025-09-03,42408.0,26701.0,4682.0,1746.1630602469559,24,15707.0,0.16666666666666666,2.982961531860761,3.607436979329905,-0.7003319823485763,5.89006652884209,1.0
CISO,2025-09-04,42063.0,26522.0,3822.0,1702.9967427441256,24,15541.0,0.16666666666666666,2.9028996875090036,2.25993626893883,-0.7003319823485763,4.462503974099258,0.8502297294392668
CISO,2025-09-05,39517.0,24988.0,2663.0,1394.5503534852364,24,14529.0,0.16666666666666666,2.3120664825247266,0.4439440324931838,-0.7003319823485763,2.055678532669334,0.5977217770852258
CISO,2025-09-06,36797.0,23892.0,2432.0,1234.4258236647656,24,12905.0,0.16666666666666666,1.6808542603891283,0.0819990742369765,-0.7003319823485763,1.0625213522775285,0.493526399360842
CISO,2025-09-07,34593.0,22653.0,3176.0,1383.1000460266207,24,11940.0,0.16666666666666666,1.1693867098057245,1.2477438748543717,-0.7003319823485763,1.7167986023115198,0.5621687719376263
CISO,2025-09-08,35412.0,24069.0,3273.0,1475.9809259745125,24,11343.0,0.20833333333333334,1.3594465663972888,1.3997294200961556,-0.19721465925335463,2.5619613272400894,0.6508375658618275
CISO,2025-09-09,36444.0,24356.0,3315.0,1389.042958507659,24,12088.0,0.16666666666666666,1.5989359095016775,1.465537594324557,-0.7003319823485763,2.3641415214776584,0.630083641115848
CISO,2025-09-10,33240.0,24259.0,2624.0,1109.1782039165205,24,8981.0,0.25,0.8554050419566567,0.38283644213823975,0.30590266384186665,1.5441441479367632,0.5440550267575551
CISO,2025-09-11,31809.0,23510.0,1852.0,957.6336238920894,24,8299.0,0.2916666666666667,0.5233224353845828,-0.8267804746314229,0.8090199869370883,0.5055619476902482,0.4350939611890459
CISO,2025-09-12,31509.0,23482.0,2854.0,1111.8397788533111,24,8027.0,0.4166666666666667,0.4537034402960976,0.7432145391032947,2.3183719562227525,3.5152899356221448,0.7508543974439565
CISO,2025-09-13,31533.0,22722.0,2691.0,1039.8237587569165,24,8811.0,0.16666666666666666,0.45927295990317646,0.4878161486454514,-0.7003319823485763,0.24675712620005164,0.4079418983892538
CISO,2025-09-14,29804.0,21715.0,2975.0,1075.7895651128974,24,8089.0,0.20833333333333334,0.05803548487654064,0.9328047553327367,-0.19721465925335463,0.7936255809559227,0.4653156619121221
CISO,2025-09-15,32586.0,22535.0,3386.0,1408.7452731296803,24,10051.0,0.3333333333333333,0.7036356326637592,1.5767847459963782,1.3121373100323093,3.5925576886924464,0.7589608108858836
CISO,2025-09-16,37938.0,24062.0,3901.0,1711.9971217638001,24,13876.0,0.16666666666666666,1.9456385050423333,2.3837183109398707,-0.7003319823485763,3.629024833633628,0.7627866986876285
CISO,2025-09-17,40961.0,25821.0,3545.0,1580.525943810468,24,15140.0,0.16666666666666666,2.6471659122173015,1.825915691289612,-0.7003319823485763,3.7727496211583373,0.7778653376182618
CISO,2025-09-18,39337.0,25952.0,2292.0,1062.5954961347225,24,13385.0,0.125,2.2702950854716355,-0.13736150652436127,-1.2034493054437976,0.9294842735034765,0.47956904301494885
CISO,2025-09-19,34691.0,24176.0,1898.0,1012.8161735721224,24,10515.0,0.25,1.192128914867963,-0.7547048552384119,0.30590266384186665,0.7433267234714178,0.46003864377423237
CISO,2025-09-20,34952.0,23237.0,2982.0,1130.8630025050702,24,11715.0,0.16666666666666666,1.252697440594945,0.9437727843708035,-0.7003319823485763,1.496138242617172,0.5390185697530329
CISO,2025-09-21,33302.0,22063.0,2518.0,1196.5878026978287,24,11239.0,0.16666666666666666,0.869792967608277,0.216749145276084,-0.7003319823485763,0.38621013053578457,0.42257237053247443
CISO,2025-09-22,33083.0,22884.0,2576.0,1133.9457267576274,24,10199.0,0.16666666666666666,0.8189711011936828,0.30762710016292394,-0.7003319823485763,0.4262662190080304,0.4267747861731492
CISO,2025-09-23,36711.0,24110.0,2700.0,1402.5357134619537,24,12601.0,0.25,1.6608968151304293,0.5019179002658231,0.30590266384186665,2.468717379238119,0.6410550374016847
CISO,2025-09-24,39456.0,25012.0,2397.0,1347.5154592966562,24,14444.0,0.16666666666666666,2.297910620190068,0.027158929046642057,-0.7003319823485763,1.6247375668881336,0.5525103467165012
CISO,2025-09-25,36057.0,23753.0,2205.0,1149.194585634728,24,12304.0,0.20833333333333334,1.5091274058375317,-0.2736784388546212,-0.19721465925335463,1.038234307729556,0.49097836584666393
CISO,2025-09-26,32901.0,23456.0,2393.0,1103.5409337180492,24,9445.0,0.3333333333333333,0.7767355775066686,0.020891483882032408,1.3121373100323093,2.10976437142101,0.6033960998505787
CISO,2025-09-27,30903.0,22480.0,2685.0,995.5364868949457,24,8423.0,0.20833333333333334,0.31307307021735775,0.4784149808985369,-0.19721465925335463,0.59427339186254,0.44440096980409816
CISO,2025-09-28,28456.0,21550.0,2929.0,1013.2942608433005,24,6906.0,0.3333333333333333,-0.2547858663877191,0.8607291359397257,1.3121373100323093,1.9180805795843159,0.5832859244539843
CISO,2025-09-29,30853.0,22248.0,2410.0,1010.0775897518173,24,8605.0,0.25,0.3014699043692769,0.04752812583162342,0.30590266384186665,0.654900694042767,0.45076157895620333
CISO,2025-09-30,30965.0,22979.0,2338.0,1029.2852020571913,24,7986.0,0.4583333333333333,0.327460995868978,-0.06528588713135029,2.8214892793179733,3.083664388055601,0.7055711453544457
CISO,2025-10-01,31102.0,22582.0,2598.0,1061.677176704968,24,8520.0,0.375,0.3592536702927195,0.342098048568277,1.8152546331275308,2.5166063519885276,0.6460792266267911
CISO,2025-10-02,31123.0,22917.0,1695.0,938.6835591802821,24,8206.0,0.4166666666666667,0.36412699994891345,-1.0727776973423517,2.3183719562227525,1.6097212588293142,0.5509349365789064
CISO,2025-10-03,30580.0,22741.0,2017.0,914.7539940143565,24,7839.0,0.4166666666666667,0.23811661883875543,-0.5682483615912748,2.3183719562227525,1.9882402134702333,0.5906466017949703
CISO,2025-10-04,28230.0,21097.0,1275.0,657.8971977642759,24,7133.0,0.25,-0.3072321760210445,-1.730859439626365,0.30590266384186665,-1.7321889518055429,0.20032417365746963
CISO,2025-10-05,26796.0,20197.0,1683.0,832.6101691911887,24,6599.0,0.16666666666666666,-0.6400109725440033,-1.0915800328361807,-0.7003319823485763,-2.4319229877287603,0.1269127805576743
CISO,2025-10-06,28718.0,20511.0,2364.0,1160.5997879345073,24,8207.0,0.2916666666666667,-0.19398527734377544,-0.02454749356138756,0.8090199869370883,0.5904872160319253,0.4440037496776261
CISO,2025-10-07,30600.0,21339.0,2499.0,1132.979092123242,24,9261.0,0.125,0.24275788517798777,0.18697878074418817,-1.2034493054437976,-0.7737126395216216,0.3008810677423504
CISO,2025-10-08,30811.0,22199.0,2791.0,1228.454195379269,24,8612.0,0.25,0.29172324505688896,0.6445022777606927,0.30590266384186665,1.2421281866594482,0.5123695415338887
CISO,2025-10-09,29222.0,21733.0,2334.0,1022.2711394775339,24,7489.0,0.2916666666666667,-0.07702536559512045,-0.07155333229595995,0.8090199869370883,0.6604412890460079,0.451342860953231
CISO,2025-10-10,29285.0,22197.0,1620.0,850.6755361203373,24,7088.0,0.16666666666666666,-0.06240537662653858,-1.1902922941787826,-0.7003319823485763,-1.9530296531538975,0.17715505123836586
CISO,2025-10-11,29724.0,21171.0,1904.0,775.4705619114786,24,8553.0,0.20833333333333334,0.03947041951961128,-0.7453036874914974,-0.19721465925335463,-0.9030479272252407,0.28731207844092477
CISO,2025-10-12,26722.0,20046.0,1793.0,791.7748350969192,24,6676.0,0.16666666666666666,-0.657183657999163,-0.9192252908094152,-0.7003319823485763,-2.2767409311571543,0.14319343916817373
CISO,2025-10-13,27732.0,20288.0,2203.0,962.2947964955017,24,7444.0,0.2916666666666667,-0.4227997078679298,-0.276812161436926,0.8090199869370883,0.10940811763223246,0.3935321633439433
CISO,2025-10-14,28386.0,20967.0,1882.0,805.7037420339664,24,7419.0,0.125,-0.27103029857503225,-0.7797746358968505,-1.2034493054437976,-2.2542542399156806,0.14555259171113033
CISO,2025-10-15,27997.0,20616.0,2272.0,899.1637650891386,24,7381.0,0.125,-0.3613029288731013,-0.16869873234740954,-1.2034493054437976,-1.7334509666643085,0.20019177153875262
CISO,2025-10-16,26764.0,20405.0,1798.0,927.4184326803961,24,6359.0,0.2916666666666667,-0.6474369986867751,-0.9113909843536532,0.8090199869370883,-0.7498079961033398,0.30338898229959294
CISO,2025-10-17,26791.0,20225.0,2231.0,1007.863688987608,24,6566.0,0.2916666666666667,-0.6411712891288114,-0.23294004528465845,0.8090199869370883,-0.06509134747638157,0.37522485203545325
CISO,2025-10-18,26777.0,20135.0,2111.0,897.1782324583568,24,6642.0,0.20833333333333334,-0.6444201755662741,-0.420963400222948,-0.19721465925335463,-1.2625982350425766,0.24959047618742625
CISO,2025-10-19,26200.0,19713.0,2071.0,913.5316046824123,24,6487.0,0.16666666666666666,-0.778320709453127,-0.4836378518690445,-0.7003319823485763,-1.9622905436707478,0.17618346083503544
CISO,2025-10-20,28202.0,20529.0,2389.0,1117.500237493085,24,7673.0,0.16666666666666666,-0.3137299488959698,0.014624038717422756,-0.7003319823485763,-0.9994378925271233,0.2771994909857269
CISO,2025-10-21,29024.0,20984.0,2054.0,1111.7231426998778,24,8040.0,0.25,-0.12297390235352063,-0.5102744938186355,0.30590266384186665,-0.3273457323302896,0.3477108842273076
CISO,2025-10-22,29785.0,21424.0,2092.0,985.039659320772,24,8361.0,0.041666666666666664,0.05362628185426992,-0.45073376475484384,-2.2096839516342404,-2.606791434534814,0.10856675816890696
CISO,2025-10-23,28950.0,20859.0,2765.0,1100.7123508654865,24,8091.0,0.08333333333333333,-0.14014658780868028,0.6037638841907299,-1.7065666285390193,-1.2429493321569698,0.2516519070449546
CISO,2025-10-24,27730.0,20604.0,2020.0,943.1220038417272,24,7126.0,0.2916666666666667,-0.423263834501853,-0.5635477777178175,0.8090199869370883,-0.1777916252825822,0.36340109619146144
CISO,2025-10-25,27475.0,20058.0,2695.0,986.5600084953367,24,7417.0,0.3333333333333333,-0.48243998032706537,0.49408359381006106,1.3121373100323093,1.3237809235153049,0.5209359980091561
CISO,2025-10-26,25287.0,19246.0,1990.0,874.3545683713696,24,6041.0,0.4583333333333333,-0.9901945178390834,-0.6105536164523899,2.8214892793179733,1.2207411450265,0.5101257568386273
CISO,2025-10-27,29646.0,20359.0,3393.0,1223.9741637890845,24,9287.0,0.08333333333333333,0.021369480796605153,1.5877527750344451,-1.7065666285390193,-0.09744437270796902,0.37183059002830365
CISO,2025-10-28,28354.0,20905.0,2264.0,1069.1152299916039,24,7449.0,0.25,-0.278456324717804,-0.18123362267662885,0.30590266384186665,-0.1537872835525662,0.36591947042563605
CISO,2025-10-29,28638.0,21260.0,2173.0,1013.4832423916519,24,7378.0,0.375,-0.21255034270070478,-0.32381800017149837,1.8152546331275308,1.2788862902553277,0.5162259547625517
CISO,2025-10-30,30351.0,20869.0,2313.0,1138.0021705679612,24,9482.0,0.16666666666666666,0.18497411925454513,-0.10445741941016061,-0.7003319823485763,-0.6198152825041918,0.317026944308323
CISO,2025-10-31,28733.0,20675.0,1813.0,923.9433290858907,24,8058.0,0.4583333333333333,-0.19050432758935118,-0.887888064986367,2.8214892793179733,1.7430968867422552,0.564927811225529
CISO,2025-11-01,27633.0,16016.0,2292.0,1018.6657291543793,24,11617.0,0.125,-0.4457739762471299,-0.13736150652436127,-1.2034493054437976,-1.7865847882152888,0.1946173280208995
CISO,2025-11-02,26253.0,18921.0,3124.0,1210.7972460385315,24,7332.0,0.125,-0.7660213536541614,1.166267087714446,-1.2034493054437976,-0.8032035713835128,0.29778707733935944
CISO,2025-11-03,27030.0,19534.0,2470.0,1038.3931566733704,24,7496.0,0.3333333333333333,-0.585708156374985,0.14153980330076818,1.3121373100323093,0.8679689569580925,0.4731152693627736
CISO,2025-11-04,28029.0,20469.0,2101.0,981.3152073782837,24,7560.0,0.375,-0.35387690273032957,-0.4366320131344721,1.8152546331275308,1.024745717262729,0.48956323357313386
CISO,2025-11-05,28291.0,20367.0,2450.0,1103.5432360868529,24,7924.0,0.375,-0.29307631368638587,0.11020257747771993,1.8152546331275308,1.632380896918865,0.5533122335430255
CISO,2025-11-06,29241.0,20758.0,3037.0,1139.992104441257,24,8483.0,0.125,-0.07261616257284974,1.029950155384186,-1.2034493054437976,-0.24611531263246123,0.35623303402416695
CISO,2025-11-07,28805.0,20672.0,2475.0,1005.0303009348034,24,8133.0,0.20833333333333334,-0.17379576876811476,0.14937410975653026,-0.19721465925335463,-0.22163631826493913,0.3588012056235817
CISO,2025-11-08,28984.0,20459.0,2147.0,876.0815262175719,24,8525.0,0.08333333333333333,-0.1322564350319853,-0.36455639374146115,-1.7065666285390193,-2.2033794573124657,0.15089003204247511
CISO,2025-11-09,26384.0,19457.0,2039.0,830.9804929781113,24,6927.0,0.16666666666666666,-0.7356210591321896,-0.5337774131859216,-0.7003319823485763,-1.9697304546666874,0.1754029153667422
CISO,2025-11-10,29093.0,20137.0,3357.0,1108.0378924091417,24,8956.0,0.25,-0.10696153348316904,1.5313457685529583,0.30590266384186665,1.730286898911656,0.5635838733806378
CISO,2025-11-11,29615.0,20485.0,2530.0,1068.1374475619034,24,9130.0,0.2916666666666667,0.014175517970795026,0.23555148076991295,0.8090199869370883,1.0587469856777962,0.49313041817952064
CISO,2025-11-12,28761.0,20933.0,1677.0,890.0825305733644,24,7828.0,0.2916666666666667,-0.1840065547144259,-1.100981200583095,0.8090199869370883,-0.47596776836043253,0.3321184588911503
CISO,2025-11-13,29706.0,20310.0,3520.0,1193.1740248694607,24,9396.0,0.20833333333333334,0.03529327981430217,1.7867441590108015,-0.19721465925335463,1.6248227795717491,0.5525192866586691
CISO,2025-11-14,27243.0,21111.0,1446.0,723.8318212366617,24,6132.0,0.4166666666666667,-0.5362786698621606,-1.4629261588393025,2.3183719562227525,0.3191671275212893,0.4155386691599318
CISO,2025-11-15,26301.0,21092.0,1103.0,558.6008903592483,24,5209.0,0.2916666666666667,-0.7548823144400038,-2.00035958170458,0.8090199869370883,-1.9462219092074955,0.17786927398774618
CISO,2025-11-16,25064.0,18862.0,1910.0,766.7075276603292,24,6202.0,0.3333333333333333,-1.041944637521524,-0.735902519744583,1.3121373100323093,-0.4657098472337977,0.333194651046389
CISO,2025-11-17,26598.0,20560.0,2084.0,893.4916597341538,24,6038.0,0.25,-0.6859595093024035,-0.4632686550840631,0.30590266384186665,-0.8433255005445999,0.2935777541360361
CISO,2025-11-18,27011.0,20112.0,2128.0,908.8553150505599,24,6899.0,0.20833333333333334,-0.5901173593972556,-0.39432675827335695,-0.19721465925335463,-1.1816587769239673,0.2580821002505462
CISO,2025-11-19,26615.0,20439.0,1950.0,903.1939611853808,24,6176.0,0.4166666666666667,-0.682014432914056,-0.6732280680984865,2.3183719562227525,0.9631294552102101,0.48309886939666585
CISO,2025-11-20,29349.0,20689.0,3129.0,1111.7120552735676,24,8660.0,0.25,-0.047553324340995094,1.174101394170208,0.30590266384186665,1.4324507336710797,0.5323369042704904
CISO,2025-11-21,27619.0,21365.0,1787.0,837.1289692943877,24,6254.0,0.25,-0.4490228626845925,-0.9286264585563297,0.30590266384186665,-1.0717466573990555,0.26961334126303915
CISO,2025-11-22,26510.0,20034.0,1858.0,755.1053050662075,24,6476.0,0.20833333333333334,-0.7063810811950257,-0.8173793068845084,-0.19721465925335463,-1.7209750473328886,0.2015006611615245
CISO,2025-11-23,24809.0,19183.0,1224.0,682.5873928758454,24,5626.0,0.25,-1.1011207833467362,-1.810769365475138,0.30590266384186665,-2.605987484980008,0.1086511031539589
CISO,2025-11-24,26830.0,20270.0,2041.0,952.3082370014813,24,6560.0,0.25,-0.6321208197673084,-0.5306436906036168,0.30590266384186665,-0.8568618465290585,0.29215761167449517
CISO,2025-11-25,27170.0,20950.0,1815.0,901.3484423311295,24,6220.0,0.4166666666666667,-0.5532192920003586,-0.8847543424040621,2.3183719562227525,0.8803983218183318,0.4744192748032577
CISO,2025-11-26,27852.0,21119.0,2320.0,896.3405796808536,24,6733.0,0.375,-0.39495210983253576,-0.09348939037209372,1.8152546331275308,1.3268131329229012,0.5212541170448955
CISO,2025-11-27,27170.0,20119.0,2586.0,999.710362946493,24,7051.0,0.2916666666666667,-0.5532192920003586,0.32329571307444804,0.8090199869370883,0.5790964080111778,0.4428087026420305
CISO,2025-11-28,26347.0,19445.0,2236.0,779.8014193518683,24,6902.0,0.20833333333333334,-0.7442074018597693,-0.2251057388288964,-0.19721465925335463,-1.1665277999420203,0.25966954068102366
CISO,2025-11-29,26129.0,19568.0,1964.0,921.4907571862618,24,6561.0,0.375,-0.7947972049574018,-0.6512920100223526,1.8152546331275308,0.36916541814777637,0.42078415384277446
CISO,2025-11-30,26472.0,19734.0,2259.0,999.0872999748392,24,6738.0,0.20833333333333334,-0.7151994872395672,-0.1890679291323909,-0.19721465925335463,-1.1014820756253128,0.2664937009935552
CISO,2025-12-01,28635.0,21307.0,2060.0,970.749146688835,24,7328.0,0.25,-0.21324653265158963,-0.5008733260717211,0.30590266384186665,-0.4082171948814441,0.3392263938022204
CISO,2025-12-02,28109.0,21593.0,2298.0,1122.6936350529497,24,6516.0,0.2916666666666667,-0.3353118373734002,-0.1279603387774468,0.8090199869370883,0.3457478107862413,0.41832733583590676
CISO,2025-12-03,28585.0,21835.0,2306.0,914.4752831423389,24,6750.0,0.4166666666666667,-0.2248496984996705,-0.1154254484482275,2.3183719562227525,1.9780968092748545,0.5895824239866484
CISO,2025-12-04,28449.0,21951.0,1987.0,1048.371584058281,24,6498.0,0.375,-0.2564103096064504,-0.6152542003258472,1.8152546331275308,0.9435901231952332,0.48104893397860893
CISO,2025-12-05,28470.0,21533.0,2157.0,1073.4210109116864,24,6937.0,0.4166666666666667,-0.2515369799502564,-0.348887780829937,2.3183719562227525,1.7179471954425591,0.5622892746108215
CISO,2025-12-06,27649.0,21209.0,2019.0,902.5877250712393,24,6440.0,0.375,-0.442060963175744,-0.56511463900897,1.8152546331275308,0.8080790309428167,0.46683202076300484
CISO,2025-12-07,26233.0,20613.0,2460.0,898.3129830853554,24,5620.0,0.375,-0.7706626199933937,0.12587119038924405,1.8152546331275308,1.170463203523381,0.5048509330649571
CISO,2025-12-08,29905.0,21587.0,2143.0,1017.3404363367245,24,8318.0,0.25,0.08147387988966395,-0.3708238389060708,0.30590266384186665,0.01655270482545984,0.38379039738567033
CISO,2025-12-09,30792.0,21755.0,2338.0,1142.3358593599828,24,9037.0,0.25,0.28731404203461824,-0.06528588713135029,0.30590266384186665,0.5279308187451346,0.43744075282973305
CISO,2025-12-10,30759.0,21763.0,3254.0,1313.0226964714948,24,8996.0,0.25,0.2796559525748849,1.3699590555642598,0.30590266384186665,1.9555176719810115,0.5872135726250799
CISO,2025-12-11,30557.0,21873.0,2841.0,1134.7639734157578,24,8684.0,0.16666666666666666,0.23277916254863823,0.7228453423183133,-0.7003319823485763,0.2552925225183753,0.40883737481632265
CISO,2025-12-12,29750.0,21678.0,2262.0,1052.7066141996593,24,8072.0,0.375,0.04550406576061332,-0.18436734525893367,1.8152546331275308,1.6763913536292105,0.557929514927376
CISO,2025-12-13,28217.0,21087.0,2770.0,1091.0865313258064,24,7130.0,0.4166666666666667,-0.3102489991415455,0.611598190646492,2.3183719562227525,2.619721147727699,0.6568973381031407
CISO,2025-12-14,27644.0,20436.0,1982.0,959.4473490399096,24,7208.0,0.25,-0.4432212797605521,-0.6230885067816092,0.30590266384186665,-0.7604071227002946,0.30227699315918055
CISO,2025-12-15,30455.0,21363.0,2499.0,1143.8776411710367,24,9092.0,0.2916666666666667,0.20910870421855332,0.18697878074418817,0.8090199869370883,1.2051074718998298,0.5084855769065743
CISO,2025-12-16,30421.0,21791.0,2720.0,1214.5737301681165,24,8630.0,0.2916666666666667,0.20121855144185832,0.5332551260888714,0.8090199869370883,1.5434936644678179,0.5439867824029972
CISO,2025-12-17,30020.0,21397.0,2407.0,1177.9061186169986,24,8623.0,0.25,0.10816116134024992,0.04282754195816618,0.30590266384186665,0.4568913671402828,0.4299877709257202
CISO,2025-12-18,28393.0,21002.0,2245.0,1041.8521411687798,24,7391.0,0.3333333333333333,-0.26940585535630096,-0.21100398720852467,1.3121373100323093,0.8317274674674836,0.46931305581458316
CISO,2025-12-19,29425.0,21858.0,2153.0,947.497114828692,24,7567.0,0.20833333333333334,-0.029916512251912206,-0.35515522599454663,-0.19721465925335463,-0.5822863974998135,0.3209642227430049
CISO,2025-12-20,27874.0,19991.0,3040.0,1213.702133043204,24,7883.0,0.25,-0.38984671685938016,1.0346507392576434,0.30590266384186665,0.9507066862401299,0.4817955559526553
CISO,2025-12-21,26043.0,19270.0,2554.0,1022.4425854685975,24,6773.0,0.2916666666666667,-0.8147546502161009,0.27315615175757085,0.8090199869370883,0.2674214884785583,0.4101098644227804
CISO,2025-12-22,28286.0,20679.0,2400.0,983.6688561087318,24,7607.0,0.20833333333333334,-0.29423663027119396,0.031859512920099295,-0.19721465925335463,-0.4595917766044493,0.33383651790568913
CISO,2025-12-23,27770.0,21480.0,1469.0,801.7795379879883,24,6290.0,0.3333333333333333,-0.4139813018233883,-1.426888349142797,1.3121373100323093,-0.5287323409338762,0.3265827544948062
CISO,2025-12-24,27454.0,21212.0,1012.0,646.2886015718823,24,6242.0,0.16666666666666666,-0.48731330998325934,-2.1429439591994495,-0.7003319823485763,-3.3305892515312854,0.03263075485845454
CISO,2025-12-25,25613.0,20053.0,2418.0,763.8798835217978,24,5560.0,0.125,-0.9145418765095962,0.060063016160842725,-1.2034493054437976,-2.057928165792551,0.16614980417082859
CISO,2025-12-26,24645.0,19008.0,1787.0,631.1193630069663,24,5637.0,0.20833333333333334,-1.1391791673284415,-0.9286264585563297,-0.19721465925335463,-2.2650202851381263,0.14442309059016176
CISO,2025-12-27,25891.0,19199.0,1307.0,809.7224329844523,24,6692.0,0.375,-0.8500282743942666,-1.6807198783094879,1.8152546331275308,-0.7154935195762238,0.3069890265964552
CISO,2025-12-28,24953.0,19579.0,2105.0,863.5131982073353,24,5374.0,0.4583333333333333,-1.0677036657042633,-0.43036456796986244,2.8214892793179733,1.3234210456438475,0.5208982420411267
CISO,2025-12-29,26904.0,20220.0,2066.0,954.9169694158027,24,6684.0,0.2916666666666667,-0.6149481343121487,-0.49147215832480656,0.8090199869370883,-0.297400305699867,0.3508525571673792
CISO,2025-12-30,27807.0,20955.0,2654.0,1087.9373350186747,24,6852.0,0.25,-0.4053949590958085,0.4298422808728121,0.30590266384186665,0.33034998561887025,0.416711899486934
CISO,2025-12-31,27437.0,21774.0,1467.0,716.7744463107331,24,5663.0,0.125,-0.4912583863716068,-1.4300220717251018,-1.2034493054437976,-3.124729763540506,0.05422814904019478
CISO,2026-01-01,26715.0,21727.0,1062.0,680.5951643802487,9,4988.0,0.4444444444444444,-0.6588081012178942,-2.064600894641829,2.6537835049528997,-0.06962549090682346,0.3747491601744681
PJM,2025-01-01,99108.0,80261.0,4754.0,1314.0333536146502,18,18847.0,0.1111111111111111,-0.5691915960696408,-0.7230768802774628,-1.165615952865662,-2.4578844292127657,0.19641535246897854
PJM,2025-01-02,110497.0,89301.0,6400.0,2411.0267157946137,24,21196.0,0.125,0.07517724604941091,0.48174659912067075,-1.059497300295763,-0.5025734551256814,0.3893938711640396
PJM,2025-01-03,114156.0,97378.0,5281.0,2259.8404133567883,24,16778.0,0.375,0.28219679063748804,-0.33732841512386835,0.8506384459624193,0.795506821476039,0.517507307975712
PJM,2025-01-04,114940.0,102472.0,4797.0,1726.0868094951202,24,12468.0,0.3333333333333333,0.3265540803223889,-0.6916021478266001,0.5322824882527222,0.16723442074851097,0.4555002518929856
PJM,2025-01-05,116431.0,103976.0,4138.0,1680.2678568169342,24,12455.0,0.2916666666666667,0.41091214016956656,-1.1739707218991213,0.21392653054302538,-0.5491320511865294,0.3847987919058469
PJM,2025-01-06,121822.0,101112.0,4423.0,2074.419226825472,24,20710.0,0.4166666666666667,0.7159250849288789,-0.965359123096893,1.1689944036721165,0.9195603655041024,0.5297507155373073
PJM,2025-01-07,121970.0,106546.0,5573.0,2410.7596313195554,24,15424.0,0.5416666666666666,0.7242986549204162,-0.12359302266684831,2.124062276801207,2.724767909054775,0.7079148450841215
PJM,2025-01-08,124237.0,107172.0,6093.0,2522.2349787526696,24,17065.0,0.4166666666666667,0.8525613790475469,0.25703164883195445,1.1689944036721165,2.278587431551618,0.6638792677461407
PJM,2025-01-09,127179.0,112210.0,6029.0,2763.97405947474,24,14969.0,0.375,1.0190143717171622,0.21018553541671722,0.8506384459624193,2.079838353096299,0.6442638187149589
PJM,2025-01-10,125139.0,110144.0,5842.0,2503.600792366114,24,14995.0,0.4166666666666667,0.9035948934554303,0.07330704778157082,1.1689944036721165,2.1458963449091177,0.6507833818826335
PJM,2025-01-11,119166.0,101008.0,4249.0,1871.9996743581717,24,18158.0,0.125,0.5656534504861533,-1.0927219939445694,-1.059497300295763,-1.5865658437541792,0.28240974014523024
PJM,2025-01-12,112812.0,98667.0,4429.0,1972.6542040346687,24,14145.0,0.20833333333333334,0.2061557226062293,-0.9609672999642145,-0.4227853848763688,-1.177596962234354,0.322772736105461
PJM,2025-01-13,116521.0,97916.0,6572.0,2802.3195969033236,24,18605.0,0.25,0.4160041759752312,0.6076455289241209,-0.10442942716667182,0.9192202777326802,0.5297171507308776
PJM,2025-01-14,123770.0,104279.0,7330.0,2916.240171405442,24,19491.0,0.20833333333333334,0.8261393710337092,1.1624791846858373,-0.4227853848763688,1.5658331708431779,0.5935343132872588
PJM,2025-01-15,130473.0,111422.0,7078.0,3080.038857274181,24,19051.0,0.16666666666666666,1.2053828822044883,0.9780226131133405,-0.741141342586066,1.442264152731763,0.5813387257885093
PJM,2025-01-16,127263.0,111567.0,6517.0,2578.1476466726026,24,15696.0,0.375,1.023766938469116,0.5673871502079014,0.8506384459624193,2.4417925346394367,0.6799867204504692
PJM,2025-01-17,119892.0,99586.0,6686.0,3053.311093856891,24,20306.0,0.20833333333333334,0.6067292059851814,0.6910901684450123,-0.4227853848763688,0.8750339895538248,0.5253562053097177
PJM,2025-01-18,109139.0,95775.0,3177.0,1655.5975649599902,24,13364.0,0.20833333333333334,-0.0016559164405067527,-1.8773943936497934,-0.4227853848763688,-2.301835694966669,0.21181651063672774
PJM,2025-01-19,113768.0,93194.0,3662.0,1691.5866742349547,24,20574.0,0.08333333333333333,0.26024445849751154,-1.5223886904249486,-1.37785325800546,-2.639997489932897,0.17844178756879533
PJM,2025-01-20,129679.0,107499.0,7028.0,2592.381320568385,24,22180.0,0.20833333333333334,1.1604598107634025,0.9414240870076864,-0.4227853848763688,1.6790985128947202,0.6047129842087992
PJM,2025-01-21,140181.0,122556.0,6005.0,2571.936449729906,24,17625.0,0.375,1.7546438111088483,0.19261824288600324,0.8506384459624193,2.797900499957271,0.7151326325602465
PJM,2025-01-22,144420.0,125418.0,6156.0,2973.4895763848854,24,19002.0,0.3333333333333333,1.994478697555653,0.30314579172507866,0.5322824882527222,2.829906977533454,0.7182914971670298
PJM,2025-01-23,139455.0,120118.0,6598.0,3070.995313506634,24,19337.0,0.3333333333333333,1.71356805560982,0.626676762499061,0.5322824882527222,2.8725273063616035,0.7224978909491712
PJM,2025-01-24,129739.0,113310.0,6099.0,2859.447726841012,24,16429.0,0.3333333333333333,1.1638545013005122,0.26142347196463295,0.5322824882527222,1.9575604615178672,0.6321956583564878
PJM,2025-01-25,121420.0,104065.0,4347.0,2198.2724772097686,24,17355.0,0.375,0.6931806583302434,-1.0209888827774871,0.8506384459624193,0.5228302215151757,0.49059561615757485
PJM,2025-01-26,111207.0,97131.0,4949.0,1857.6790680651857,24,14076.0,0.16666666666666666,0.11534775073854311,-0.5803426284654116,-0.741141342586066,-1.2061362203129344,0.3199560671348222
PJM,2025-01-27,118700.0,99057.0,7481.0,3176.1485697805197,24,19643.0,0.125,0.5392880206479341,1.2730067335249127,-1.059497300295763,0.7527974538770839,0.5132921265529732
PJM,2025-01-28,111690.0,95952.0,6105.0,2804.9570820039403,24,15738.0,0.2916666666666667,0.14267500956227672,0.26581529509731144,0.21392653054302538,0.6224168352026135,0.5004242712645876
PJM,2025-01-29,107544.0,92435.0,6575.0,2706.084732544446,24,15109.0,0.25,-0.09189810655200797,0.6098414404904602,-0.10442942716667182,0.41351390677178046,0.4798066926727911
PJM,2025-01-30,112210.0,92917.0,7629.0,3045.8285503243637,24,19293.0,0.125,0.17209566088389466,1.381338370797649,-1.059497300295763,0.49393673138578054,0.48774398641734673
PJM,2025-01-31,105135.0,87862.0,5087.0,2221.1508828904934,24,17273.0,0.4583333333333333,-0.228194931616965,-0.4793306964138063,1.4873503613818133,0.779824733351042,0.5159595714895399
PJM,2025-02-01,99609.0,84270.0,4928.0,1864.6881990590666,24,15339.0,0.16666666666666666,-0.5408459300847742,-0.5957140094297864,-0.741141342586066,-1.8777012821006265,0.25367626174905544
PJM,2025-02-02,103354.0,95648.0,4447.0,1474.4501308643155,24,7706.0,0.75,-0.3289606623935065,-0.947791830566179,3.715842065349693,2.4390895723900075,0.679719952832481
PJM,2025-02-03,107746.0,90575.0,7388.0,2716.2837701402873,24,17171.0,0.2916666666666667,-0.08046931507707178,1.204933474968396,0.21392653054302538,1.3383906904343497,0.571086982126486
PJM,2025-02-04,101026.0,84635.0,5545.0,2502.378254288554,24,16391.0,0.2916666666666667,-0.4606746552333653,-0.14408819728601463,0.21392653054302538,-0.39083632197635465,0.40042171620974
PJM,2025-02-05,110511.0,92874.0,6968.0,2549.916605626971,24,17637.0,0.2916666666666667,0.07596934050806985,0.8975058556809015,0.21392653054302538,1.1874017267319967,0.5561851956890695
PJM,2025-02-06,112377.0,94632.0,4735.0,2319.359044003321,24,17745.0,0.375,0.1815442162121835,-0.7369843201976113,0.8506384459624193,0.2951983419769916,0.4681295923367036
PJM,2025-02-07,106597.0,90759.0,6710.0,2493.6007748385396,24,15838.0,0.25,-0.14547763886272375,0.7086574609757262,-0.10442942716667182,0.45875039494633063,0.48427128710026685
PJM,2025-02-08,106053.0,93350.0,3296.0,1460.7769721346378,24,12703.0,0.5416666666666666,-0.17625616639918562,-1.7902899015183367,2.124062276801207,0.15751620888368478,0.4545411174356574
PJM,2025-02-09,106904.0,90120.0,3599.0,1659.4730169064453,24,16784.0,0.20833333333333334,-0.12810813894784545,-1.5685028333180728,-0.4227853848763688,-2.119396357142287,0.22982227730588628
PJM,2025-02-10,110433.0,93364.0,6847.0,2625.739343775249,24,17069.0,0.16666666666666666,0.07155624280982716,0.8089374225052185,-0.741141342586066,0.13935232272897968,0.45274844103260226
PJM,2025-02-11,116488.0,98979.0,5571.0,2295.081866810489,24,17509.0,0.4583333333333333,0.41413709617982086,-0.12505696371107447,1.4873503613818133,1.7764304938505597,0.61431911937371
PJM,2025-02-12,118118.0,99955.0,4669.0,2130.78972865781,24,18163.0,0.5,0.5063595224379694,-0.7852943746570747,1.8057063190915106,1.5267714668724053,0.5896791363512709
PJM,2025-02-13,115990.0,95004.0,4715.0,2417.56976391702,24,20986.0,0.125,0.3859611647218098,-0.751623730639873,-1.059497300295763,-1.4251598662138263,0.29833962897982247
PJM,2025-02-14,117724.0,100322.0,6532.0,2800.0935336344482,24,17402.0,0.125,0.484067721244282,0.5783667080395976,-1.059497300295763,0.0029371289881165996,0.439285006129158
PJM,2025-02-15,110236.0,94737.0,3680.0,1712.2079815552343,24,15499.0,0.20833333333333334,0.060410342212983435,-1.5092132210269131,-0.4227853848763688,-1.8715882636902985,0.254279583293922
PJM,2025-02-16,105857.0,89064.0,3043.0,1613.2529244320017,24,16793.0,0.125,-0.18734548882041085,-1.9754784436129464,-1.059497300295763,-3.2223212327291204,0.12096961318065423
PJM,2025-02-17,113185.0,97311.0,5555.0,2206.693667054263,24,15874.0,0.4166666666666667,0.22725938211192834,-0.13676849206488378,1.1689944036721165,1.259485293719161,0.56329945023159
PJM,2025-02-18,124320.0,107962.0,7182.0,2933.803814892087,24,16358.0,0.2916666666666667,0.857257367623882,1.054147547413101,0.21392653054302538,2.1253314455800085,0.6487537385868926
PJM,2025-02-19,128809.0,113969.0,5148.0,2439.349810912736,24,14840.0,0.4166666666666667,1.1112367979753108,-0.4346804945649083,1.1689944036721165,1.845550707082519,0.6211409070781532
PJM,2025-02-20,127359.0,113320.0,6211.0,2353.564945929928,24,14039.0,0.5833333333333334,1.0291984433284915,0.3434041704412982,2.442418234510905,3.8150208482806947,0.8155168582692549
PJM,2025-02-21,128475.0,108274.0,5826.0,2579.9604785058573,24,20201.0,0.2916666666666667,1.0923396873187332,0.06159551942776151,0.21392653054302538,1.36786173728952,0.5739956135625462
PJM,2025-02-22,116823.0,96245.0,4434.0,2227.8268896757486,24,20578.0,0.3333333333333333,0.43309078501201703,-0.957307447353649,0.5322824882527222,0.008065825911090174,0.4397911805168374
PJM,2025-02-23,105309.0,89454.0,3720.0,1802.2468218543368,24,15855.0,0.2916666666666667,-0.21835032905934668,-1.4799344001423897,0.21392653054302538,-1.484358198658711,0.29249707674346254
PJM,2025-02-24,110667.0,91316.0,7801.0,3126.530558226121,24,19351.0,0.125,0.08479553590455524,1.507237300601099,-1.059497300295763,0.5325355362098911,0.49155347773462144
PJM,2025-02-25,101237.0,86741.0,7086.0,2595.7795790837877,24,14496.0,0.2916666666666667,-0.4487366601778627,0.9838783772902452,0.21392653054302538,0.7490682476554078,0.5129240742574024
PJM,2025-02-26,102306.0,85081.0,7548.0,2670.2897385945744,24,17225.0,0.125,-0.38825459044169036,1.3220487585064893,-1.059497300295763,-0.12570313223096408,0.4265889146206478
PJM,2025-02-27,95524.0,82130.0,5649.0,2108.1778445556633,24,13394.0,0.625,-0.7719677774863307,-0.06796326298625406,2.7607741922206017,1.920843151748017,0.6285718603295977
PJM,2025-02-28,99167.0,83189.0,7119.0,2516.3197764575357,24,15978.0,0.2916666666666667,-0.5658534837081496,1.0080334045199768,0.21392653054302538,0.6561064513548526,0.5037492524602256
PJM,2025-03-01,93512.0,82453.0,3981.0,1704.1839386460401,24,11059.0,0.20833333333333334,-0.8858030668307448,-1.2888900938708754,-0.4227853848763688,-2.597478545577989,0.18263817525690657
PJM,2025-03-02,102743.0,91726.0,5032.0,1912.6211806829656,24,11017.0,0.3333333333333333,-0.3635299276964076,-0.5195890751300258,0.5322824882527222,-0.35083651457371123,0.4043694788331529
PJM,2025-03-03,115234.0,96077.0,7083.0,3011.159139321408,24,19157.0,0.125,0.3431880639542268,0.9816824657239059,-1.059497300295763,0.2653732293823696,0.4651860165450775
PJM,2025-03-04,106264.0,88878.0,6296.0,2697.666644729655,24,17386.0,0.2916666666666667,-0.16431817134368296,0.40562166482091017,0.21392653054302538,0.4552300240202526,0.4839238457082965
PJM,2025-03-05,95850.0,79449.0,4879.0,2084.489020467432,24,16401.0,0.5833333333333334,-0.7535232922347009,-0.6315805650133274,2.442418234510905,1.0573143772628766,0.5433462844702347
PJM,2025-03-06,102362.0,84389.0,6678.0,2199.6888449261983,24,17973.0,0.5416666666666666,-0.3850862126070546,0.6852344042681077,2.124062276801207,2.42421046846226,0.6782514665029203
PJM,2025-03-07,106926.0,93143.0,6240.0,2456.803017178502,24,13783.0,0.2916666666666667,-0.12686341908423854,0.36463131558257755,0.21392653054302538,0.4516944270413644,0.483574901588036
PJM,2025-03-08,98454.0,83901.0,3425.0,1649.1812324055961,24,14553.0,0.16666666666666666,-0.6061937229241372,-1.695865704165749,-0.741141342586066,-3.043200769675952,0.1386478250283183
PJM,2025-03-09,94126.0,79627.0,3978.0,1764.5850027369204,24,14499.0,0.375,-0.8510640670009882,-1.2910860054372146,0.8506384459624193,-1.2915116264757835,0.31152998062856296
PJM,2025-03-10,100937.0,82335.0,7524.0,2946.0128643815274,24,18602.0,0.08333333333333333,-0.4657101128634115,1.3044814659757753,-1.37785325800546,-0.5390819048930964,0.38579068647917986
PJM,2025-03-11,98043.0,80196.0,7150.0,2845.839876284201,24,17847.0,0.08333333333333333,-0.6294473531033391,1.0307244907054824,-1.37785325800546,-0.9765761204033168,0.3426123957797998
PJM,2025-03-12,93329.0,76551.0,6943.0,2696.053761344156,24,16778.0,0.20833333333333334,-0.8961568729689295,0.8792065926280744,-0.4227853848763688,-0.4397356652172239,0.39559561798350257
PJM,2025-03-13,95269.0,78450.0,6738.0,2575.2871090114554,24,16819.0,0.16666666666666666,-0.7863952122690472,0.7291526355948925,-0.741141342586066,-0.7983839192602207,0.36019899324451365
PJM,2025-03-14,93892.0,79425.0,5455.0,2216.4109387194794,24,14467.0,0.3333333333333333,-0.8643033600957163,-0.20996554427619202,0.5322824882527222,-0.5419864161191861,0.3855040270774928
PJM,2025-03-15,88444.0,74670.0,3287.0,1582.6298690901267,24,13774.0,0.25,-1.1725412608652828,-1.7968776362173544,-0.10442942716667182,-3.073848324249309,0.13562307870327206
PJM,2025-03-16,83341.0,71510.0,2684.0,1339.404918697809,24,11831.0,0.4583333333333333,-1.4612596910464684,-2.238255861051543,1.4873503613818133,-2.212165190716198,0.2206664998764058
PJM,2025-03-17,92498.0,74979.0,6494.0,2329.255270280704,24,17519.0,0.5,-0.9431733369078998,0.5505518281993005,1.8057063190915106,1.4130848103829112,0.5784588839947474
PJM,2025-03-18,101930.0,83273.0,7304.0,2912.3968452218132,24,18657.0,0.125,-0.4095279844742449,1.143447951110897,-1.059497300295763,-0.3255773336591109,0.4068624220943269
PJM,2025-03-19,93828.0,77280.0,7458.0,2659.0614555281277,24,16548.0,0.16666666666666666,-0.8679243633353,1.2561714115163118,-0.741141342586066,-0.35289429440505415,0.4041663871976453
PJM,2025-03-20,89950.0,75260.0,6458.0,2338.0942161097355,24,14690.0,0.625,-1.0873345283838278,0.5242008894032295,2.7607741922206017,2.1976405532400034,0.6558902527625482
PJM,2025-03-21,98004.0,78446.0,7435.0,2837.1948456867226,24,19558.0,0.125,-0.6316539019524604,1.239336089507711,-1.059497300295763,-0.45181511274051245,0.39440344245715836
PJM,2025-03-22,89032.0,78500.0,2748.0,1471.6780400696305,24,10532.0,0.20833333333333334,-1.1392732936016072,-2.191409747636306,-0.4227853848763688,-3.753468426114282,0.06854828483600876
PJM,2025-03-23,85937.0,77677.0,2533.0,1500.6890953390596,24,8260.0,0.5,-1.3143827471408525,-2.3487834098906184,1.8057063190915106,-1.8574598379399603,0.25567398178547973
PJM,2025-03-24,94599.0,77678.0,6876.0,2323.5871221304433,24,16921.0,0.375,-0.8243025899334395,0.8301645676464979,0.8506384459624193,0.8565004236754777,0.5235270435360971
PJM,2025-03-25,94353.0,79863.0,6571.0,2477.750677222844,24,14490.0,0.2916666666666667,-0.8382208211355896,0.6069135584020078,0.21392653054302538,-0.01738073219055644,0.43727974415023274
PJM,2025-03-26,97028.0,79130.0,7335.0,2606.0335924820547,24,17898.0,0.16666666666666666,-0.6868742013561127,1.1661390372964027,-0.741141342586066,-0.261876506645776,0.41314934596454306
PJM,2025-03-27,101832.0,83649.0,7395.0,2908.510425757338,24,18183.0,0.125,-0.4150726456848575,1.2100572686231876,-1.059497300295763,-0.2645126773574329,0.4128891703067041
PJM,2025-03-28,91192.0,77839.0,6232.0,2288.099391258029,24,13353.0,0.375,-1.0170644342656556,0.3587755514056729,0.8506384459624193,0.19234956310243667,0.4579789793345574
PJM,2025-03-29,85709.0,70836.0,3493.0,1455.2212118308057,24,14873.0,0.125,-1.3272825711818697,-1.6460917086620594,-1.059497300295763,-4.032871580139692,0.04097271885335182
PJM,2025-03-30,83089.0,67629.0,3149.0,1586.6040933115744,24,15460.0,0.2916666666666667,-1.4755173913023294,-1.8978895682689598,0.21392653054302538,-3.159480429028264,0.12717165744497405
PJM,2025-03-31,91987.0,70854.0,5498.0,2097.809048590416,24,21133.0,0.2916666666666667,-0.9720847846489513,-0.1784908118253295,0.21392653054302538,-0.9366490659312554,0.3465529780861375
PJM,2025-04-01,92542.0,74125.0,6702.0,2491.497698332692,24,18417.0,0.20833333333333334,-0.940683897180686,0.7028016967988217,-0.4227853848763688,-0.6606675852582331,0.3737908435885368
PJM,2025-04-02,93121.0,78580.0,6899.0,2317.471502881247,24,14541.0,0.3333333333333333,-0.9079251334975768,0.8469998896550988,0.5322824882527222,0.4713572444102442,0.4855155143189544
PJM,2025-04-03,91644.0,74152.0,5541.0,2203.215781714787,24,17492.0,0.4583333333333333,-0.9914910988860954,-0.14701607937446695,1.4873503613818133,0.34884318312125084,0.47342404529935034
PJM,2025-04-04,90883.0,73411.0,5012.0,2135.3153298684047,24,17472.0,0.5416666666666666,-1.0345470905317709,-0.5342284855722875,2.124062276801207,0.5552867006971489,0.4937988934661976
PJM,2025-04-05,87422.0,70404.0,3401.0,1724.2871978239907,24,17018.0,0.20833333333333334,-1.230364156347386,-1.713432996696463,-0.4227853848763688,-3.3665825379202174,0.1067318099106184
PJM,2025-04-06,85441.0,71178.0,3155.0,1597.465299797767,24,14263.0,0.5,-1.3424455222476266,-1.8934977451362813,1.8057063190915106,-1.4302369482923971,0.2978385486955095
PJM,2025-04-07,94328.0,75469.0,6255.0,2154.2056637347014,24,18859.0,0.5,-0.839635275526052,0.3756108734142738,1.8057063190915106,1.3416819169797325,0.5714118082190283
PJM,2025-04-08,98746.0,81567.0,7557.0,2609.176659519188,24,17179.0,0.2916666666666667,-0.5896728956435364,1.328636493205507,0.21392653054302538,0.952890128104996,0.5330401811519426
PJM,2025-04-09,103210.0,85920.0,7311.0,2857.646391130143,24,17290.0,0.125,-0.3371079196825699,1.1485717447656887,-1.059497300295763,-0.2480334752126443,0.4145155775950193
PJM,2025-04-10,94756.0,81381.0,6552.0,2338.522771670866,24,13375.0,0.375,-0.8154198163613356,0.5930061184818592,0.8506384459624193,0.6282247480829429,0.5009974805592774
PJM,2025-04-11,95225.0,79517.0,5800.0,2121.1021126059563,24,15708.0,0.625,-0.788884651996261,0.04256428585282137,2.7607741922206017,2.014453826077162,0.6378107228458368
PJM,2025-04-12,92470.0,79612.0,3379.0,1448.4113179668586,24,12858.0,0.20833333333333334,-0.9447575258252177,-1.7295363481829509,-0.4227853848763688,-3.0970792588845373,0.13333031227725575
PJM,2025-04-13,86305.0,76353.0,2506.0,1305.649512833486,24,9952.0,0.25,-1.293561978513246,-2.3685466139876716,-0.10442942716667182,-3.7665380196675895,0.06725838730191376
PJM,2025-04-14,88085.0,73734.0,6086.0,2032.3877150473438,24,14351.0,0.5416666666666666,-1.192852825912323,0.2519078551771629,2.124062276801207,1.1831173060660471,0.5557623467588796
PJM,2025-04-15,88666.0,71745.0,5023.0,2247.270942366718,24,16921.0,0.5833333333333334,-1.1599809058779766,-0.5261768098290436,2.442418234510905,0.7562605188038847,0.5136339121556601
PJM,2025-04-16,89878.0,76448.0,6357.0,2231.9150076670203,24,13430.0,0.4583333333333333,-1.0914081570283596,0.45027186666980823,1.4873503613818133,0.846214071023262,0.5225118366846517
PJM,2025-04-17,92580.0,77434.0,6310.0,2422.8329387878484,24,15146.0,0.20833333333333334,-0.9385339265071831,0.41586925213049336,-0.4227853848763688,-0.9454500592530586,0.3456843680917197
PJM,2025-04-18,85440.0,73177.0,3904.0,1710.15928097483,24,12263.0,0.375,-1.3425021004232451,-1.3452518240735827,0.8506384459624193,-1.8371154785344084,0.2576818589947387
PJM,2025-04-19,85099.0,68305.0,3848.0,1849.103573944389,24,16794.0,0.2916666666666667,-1.3617952583091522,-1.3862421733119152,0.21392653054302538,-2.534110901078042,0.18889221583196367
PJM,2025-04-20,85998.0,67401.0,4352.0,1773.1386239406509,24,18597.0,0.125,-1.3109314784281243,-1.0173290301669218,-1.059497300295763,-3.387757808890809,0.10464192626600827
PJM,2025-04-21,89136.0,67089.0,5057.0,2114.524059496228,24,22047.0,0.375,-1.1333891633372837,-0.5012898120771988,0.8506384459624193,-0.7840405294520633,0.3616146075150449
PJM,2025-04-22,90283.0,70680.0,5228.0,2349.644228003126,24,19603.0,0.375,-1.0684939959028685,-0.3761228527958617,0.8506384459624193,-0.593978402736311,0.3803727018333993
PJM,2025-04-23,92343.0,69951.0,5469.0,2524.8747651537387,24,22392.0,0.25,-0.9519429541287667,-0.19971795696660888,-0.10442942716667182,-1.2560903382620476,0.31502586840311453
PJM,2025-04-24,93951.0,69810.0,5813.0,2591.203971465606,24,24141.0,0.25,-0.860965247734225,0.052079902640291435,-0.10442942716667182,-0.9133147722606054,0.3488559454846915
PJM,2025-04-25,92594.0,70090.0,5639.0,2456.287812704484,24,22504.0,0.375,-0.9377418320485241,-0.07528296820738488,0.8506384459624193,-0.1623863542934897,0.42296848086437877
PJM,2025-04-26,88957.0,70191.0,4238.0,1868.2779019301652,24,18766.0,0.125,-1.1435166567729944,-1.1007736696878132,-1.059497300295763,-3.303787626756571,0.11292932483205247
PJM,2025-04-27,81697.0,67671.0,3127.0,1537.6525581199264,24,14026.0,0.16666666666666666,-1.5542742117632757,-1.9139929197554477,-0.741141342586066,-4.209408474104789,0.02354949117044197
PJM,2025-04-28,90740.0,69371.0,5797.0,2165.29089654639,24,21369.0,0.125,-1.0426377696452158,0.04036837428648212,-1.059497300295763,-2.0617666956544967,0.23551001028248045
PJM,2025-04-29,94869.0,71253.0,5432.0,2446.7316605710116,24,23616.0,0.25,-0.8090264825164456,-0.22680086628479293,-0.10442942716667182,-1.1402567759679105,0.32645800864215313
PJM,2025-04-30,96149.0,71789.0,5693.0,2561.401059867969,24,24360.0,0.25,-0.7366064177247706,-0.03575656001327844,-0.10442942716667182,-0.8767924049047209,0.35246050375955423
PJM,2025-05-01,97333.0,70990.0,6095.0,2694.76669118637,24,26343.0,0.2916666666666667,-0.6696178577924713,0.25849558987618065,0.21392653054302538,-0.19719573737326526,0.41953298478603224
PJM,2025-05-02,99556.0,73387.0,5887.0,2618.69232737158,24,26169.0,0.3333333333333333,-0.5438445733925545,0.10624572127665953,0.5322824882527222,0.09468363613682718,0.4483398855215628
PJM,2025-05-03,96422.0,71571.0,5270.0,2453.9942950218933,24,24851.0,0.125,-0.7211605757809212,-0.34538009086711224,-1.059497300295763,-2.1260379669437963,0.22916678667639995
PJM,2025-05-04,88855.0,71099.0,4021.0,1754.7267588397929,24,17756.0,0.16666666666666666,-1.1492876306860809,-1.259611272986352,-0.741141342586066,-3.1500402462584987,0.12810335194843814
PJM,2025-05-05,90064.0,71724.0,5257.0,2064.618138535796,24,18340.0,0.5,-1.0808846163633192,-0.35489570765458234,1.8057063190915106,0.3699259950736089,0.4755048037436137
PJM,2025-05-06,89589.0,72415.0,5351.0,2178.6360245658825,24,17174.0,0.5416666666666666,-1.107759249782105,-0.2860904785759526,2.124062276801207,0.7302125484431496,0.5110631196823174
PJM,2025-05-07,91262.0,71070.0,5008.0,2169.21367573932,24,20192.0,0.3333333333333333,-1.013103961972361,-0.5371563676607398,0.5322824882527222,-1.0179778413803786,0.33852627193992824
PJM,2025-05-08,93552.0,71761.0,5580.0,2298.656790751213,24,21791.0,0.4166666666666667,-0.883539939806005,-0.11846922901205674,1.1689944036721165,0.1669852348540548,0.45547565860556016
PJM,2025-05-09,92036.0,73090.0,4989.0,2121.320902071447,24,18946.0,0.125,-0.969312454043645,-0.5510638075808884,-1.059497300295763,-2.579873561920296,0.18437569103467105
PJM,2025-05-10,83283.0,67424.0,4190.0,1751.7030093514754,24,15859.0,0.20833333333333334,-1.464541225232341,-1.1359082547492412,-0.4227853848763688,-3.023234864857951,0.1406183508358479
PJM,2025-05-11,86599.0,66165.0,4062.0,1854.5426830908468,24,20434.0,0.125,-1.276927994881408,-1.2296004815797157,-1.059497300295763,-3.566025776756887,0.08704785103936236
PJM,2025-05-12,96026.0,69429.0,5165.0,2326.2602938429195,24,26597.0,0.20833333333333334,-0.7435655333258456,-0.42223699568898587,-0.4227853848763688,-1.5885879138912002,0.28221017286160566
PJM,2025-05-13,95004.0,73729.0,5208.0,2432.480108130234,24,21275.0,0.5,-0.8013884288079487,-0.39076226323812335,1.8057063190915106,0.6135556270454385,0.49954971839464385
PJM,2025-05-14,97888.0,72851.0,5227.0,2438.165209118636,24,25037.0,0.2916666666666667,-0.638216970324206,-0.37685482331797476,0.21392653054302538,-0.8011452630991553,0.35992646368235837
PJM,2025-05-15,110676.0,74665.0,5262.0,2747.5718605021393,24,36011.0,0.125,0.0853047394851217,-0.3512358550440169,-1.059497300295763,-1.3254284158546583,0.30818257867564164
PJM,2025-05-16,110623.0,79244.0,6453.0,3276.5332554260826,24,31379.0,0.375,0.08230609617734141,0.5205410367926641,0.8506384459624193,1.4534855789324248,0.5824462192944263
PJM,2025-05-17,103683.0,74007.0,6421.0,2840.785847592891,24,29676.0,0.08333333333333333,-0.3103464426150213,0.4971179800850455,-1.37785325800546,-1.1910817205354358,0.3214418640772309
PJM,2025-05-18,94162.0,69631.0,4996.0,2346.9656601200218,24,24531.0,0.125,-0.8490272526787224,-0.5459400139260968,-1.059497300295763,-2.4544645669005822,0.1967528742094548
PJM,2025-05-19,94478.0,70971.0,4742.0,2252.6585738549725,24,23507.0,0.16666666666666666,-0.8311485491832776,-0.7318605265428197,-0.741141342586066,-2.3041504183121635,0.21158806007908132
PJM,2025-05-20,93456.0,71695.0,5764.0,2335.797089146801,24,21761.0,0.20833333333333334,-0.8889714446653806,0.016213347056750402,-0.4227853848763688,-1.295543482484999,0.3111320584511899
PJM,2025-05-21,89414.0,72631.0,5091.0,2094.613277578631,24,16783.0,0.5833333333333334,-1.1176604305153417,-0.476402814325354,2.442418234510905,0.8483549896702092,0.5227231336673874
PJM,2025-05-22,87940.0,72944.0,4290.0,1916.314272110071,24,14996.0,0.5833333333333334,-1.2010566613770048,-1.0627112025379328,2.442418234510905,0.17865037059596744,0.45662694382089636
PJM,2025-05-23,87012.0,71883.0,4503.0,1931.3097830904471,24,15129.0,0.4583333333333333,-1.2535612083509693,-0.9068014813278463,1.4873503613818133,-0.6730123282970022,0.3725724848431178
PJM,2025-05-24,82325.0,68083.0,3903.0,1586.8774592425762,24,14242.0,0.16666666666666666,-1.5187431174748602,-1.3459837945956958,-0.741141342586066,-3.605868254656622,0.08311561597899228
PJM,2025-05-25,78383.0,66131.0,3484.0,1488.8195401687897,24,12252.0,0.2916666666666667,-1.7417742857629719,-1.6526794433610772,0.21392653054302538,-3.1805271985810237,0.1250944561887881
PJM,2025-05-26,81968.0,67123.0,3215.0,1489.3254765161307,24,14845.0,0.125,-1.5389415261706634,-1.8495795138094964,-1.059497300295763,-4.448018340275922,0.0
PJM,2025-05-27,88551.0,68531.0,4344.0,2033.6171012490906,24,20020.0,0.375,-1.1664873960741038,-1.0231847943438264,0.8506384459624193,-1.3390337444555107,0.30683980701704244
PJM,2025-05-28,88329.0,72138.0,4444.0,2100.0315301290675,24,16191.0,0.5833333333333334,-1.17904775106141,-0.9499877421325182,2.442418234510905,0.3133827413169765,0.46992429327916013
PJM,2025-05-29,91438.0,72904.0,4016.0,1907.6759800677723,24,18534.0,0.4583333333333333,-1.0031462030635057,-1.2632711255969173,1.4873503613818133,-0.7790669672786097,0.3621054709498594
PJM,2025-05-30,94132.0,73591.0,5070.0,2256.9824855805577,24,20541.0,0.4583333333333333,-0.8507245979472772,-0.4917741952897287,1.4873503613818133,0.14485156814480749,0.45329118653362543
PJM,2025-05-31,90934.0,70377.0,4700.0,1844.402782254572,24,20557.0,0.125,-1.0316616035752277,-0.7626032884715691,-1.059497300295763,-2.8537621923425602,0.15734437842671883
PJM,2025-06-01,81125.0,66898.0,3934.0,1694.2269730564096,24,14227.0,0.2916666666666667,-1.5866369282170556,-1.3232927084101902,0.21392653054302538,-2.6960031060842207,0.17291433900091077
PJM,2025-06-02,94829.0,70803.0,4029.0,1905.1287072805205,24,24026.0,0.125,-0.8112896095411855,-1.2537555088094474,-1.059497300295763,-3.1245424186463957,0.130619848335834
PJM,2025-06-03,108449.0,73198.0,5954.0,2812.350726473434,24,35251.0,0.125,-0.040694857617269035,0.15528774625823605,-1.059497300295763,-0.944904411654796,0.34573822053086506
PJM,2025-06-04,117955.0,77508.0,7257.0,3440.880858900076,24,40447.0,0.16666666666666666,0.49713727981215455,1.1090453365715822,-0.741141342586066,0.8650412737976707,0.524369978816889
PJM,2025-06-05,117706.0,81127.0,7260.0,3553.822072935976,24,36579.0,0.2916666666666667,0.48304931408314905,1.1112412481379215,0.21392653054302538,1.808217092764096,0.617456283156853
PJM,2025-06-06,115464.0,82151.0,6553.0,3434.774835720888,24,33313.0,0.375,0.35620104434648087,0.5937380890039723,0.8506384459624193,1.8005775793128724,0.6167023048849024
PJM,2025-06-07,108467.0,79511.0,5754.0,2841.8158106128685,24,28956.0,0.20833333333333334,-0.03967645045613611,0.008893641835619581,-0.4227853848763688,-0.4535681934968853,0.39423042295693506
PJM,2025-06-08,102872.0,75903.0,5087.0,2550.1805505845487,24,26969.0,0.16666666666666666,-0.35623134304162163,-0.4793306964138063,-0.741141342586066,-1.576703382041494,0.28338311127505234
PJM,2025-06-09,106193.0,76359.0,4669.0,2522.8905078288185,24,29834.0,0.25,-0.16833522181259616,-0.7852943746570747,-0.10442942716667182,-1.0580590236363427,0.3345704780627349
PJM,2025-06-10,110672.0,78458.0,5436.0,2822.048011331641,24,32214.0,0.16666666666666666,0.08507842678264772,-0.22387298419634058,-0.741141342586066,-0.8799358999997589,0.35215025795466437
PJM,2025-06-11,121929.0,78029.0,6247.0,3502.271986185166,24,43900.0,0.125,0.7219789497200579,0.36975510923736915,-1.059497300295763,0.03223675866166409,0.4421767196251941
PJM,2025-06-12,130146.0,81567.0,7347.0,4222.160381610755,24,48579.0,0.20833333333333334,1.18688181877724,1.1749226835617597,-0.4227853848763688,1.9390191174626312,0.6303657289192711
PJM,2025-06-13,124223.0,85112.0,7394.0,3756.0390127390037,24,39111.0,0.08333333333333333,0.8517692845888879,1.2093252981010745,-1.37785325800546,0.6832413246845022,0.5064273163229719
PJM,2025-06-14,109824.0,81337.0,5405.0,2675.584409952826,24,28487.0,0.08333333333333333,0.037100133858163055,-0.24656407038184613,-1.37785325800546,-1.587317194529143,0.28233558592552066
PJM,2025-06-15,99933.0,75210.0,4614.0,2418.879698990507,24,24723.0,0.2916666666666667,-0.5225146011843815,-0.8255527533732943,0.21392653054302538,-1.1341408240146504,0.32706161971169223
PJM,2025-06-16,108445.0,77103.0,4197.0,2485.9164433676765,24,31342.0,0.25,-0.040921170319743023,-1.1307844610944495,-0.10442942716667182,-1.2761350585808644,0.31304756393592453
PJM,2025-06-17,118499.0,82150.0,5480.0,2956.8205232790265,24,36349.0,0.20833333333333334,0.5279158073486164,-0.19166628122336496,-0.4227853848763688,-0.0865358587511173,0.4304545106908556
PJM,2025-06-18,127931.0,87749.0,6446.0,3483.195917128614,24,40182.0,0.20833333333333334,1.0615611597822714,0.5154172431378725,-0.4227853848763688,1.1541930180437752,0.5529076774347567
PJM,2025-06-19,126376.0,88042.0,6520.0,3882.1451292227384,24,38334.0,0.25,0.97358209669551,0.5695830617742407,-0.10442942716667182,1.4387357313030789,0.5809904898558812
PJM,2025-06-20,123146.0,81758.0,5909.0,3624.4163485661556,24,41388.0,0.16666666666666666,0.7908345894477676,0.12234907276314734,-0.741141342586066,0.17204231962484895,0.455974765264765
PJM,2025-06-21,135055.0,83302.0,6745.0,4312.728862862262,24,51753.0,0.16666666666666666,1.4646240828884374,0.7342764292496842,-0.741141342586066,1.4577591695520553,0.5828679993581681
PJM,2025-06-22,143536.0,90050.0,7324.0,4577.350875961627,24,53486.0,0.125,1.9444635903089025,1.1580873615531588,-1.059497300295763,2.0430536515662983,0.6406333694892474
PJM,2025-06-23,160560.0,101480.0,8191.0,4937.394304684155,24,59080.0,0.25,2.9076504520381796,1.792705804225201,-0.10442942716667182,4.595926829096709,0.8925880154484077
PJM,2025-06-24,158646.0,107746.0,8521.0,5209.952060859032,24,50900.0,0.375,2.799359823904378,2.034256076522518,0.8506384459624193,5.684254346389315,1.0
PJM,2025-06-25,154755.0,106703.0,7931.0,4947.794975864339,24,48052.0,0.375,2.57921414257281,1.6023934684757997,0.8506384459624193,5.032246057011029,0.9356503412865731
PJM,2025-06-26,145838.0,102048.0,7512.0,4644.587343021608,24,43790.0,0.375,2.0747065505826803,1.2956978197104183,0.8506384459624193,4.221042816255518,0.8555890099504051
PJM,2025-06-27,136730.0,94932.0,7291.0,3758.9953358287908,24,41798.0,0.08333333333333333,1.5593925270494182,1.133932334323427,-1.37785325800546,1.3154716033673854,0.5688249933530168
PJM,2025-06-28,130635.0,86253.0,5371.0,3666.784123695123,24,44382.0,0.16666666666666666,1.2145485466546846,-0.27145106813369096,-0.741141342586066,0.20195613593492756,0.4589270956288547
PJM,2025-06-29,139587.0,87533.0,7071.0,4514.029277579021,24,52054.0,0.16666666666666666,1.7210363747914614,0.972898819458549,-0.741141342586066,1.9527938516639445,0.6317252199858155
PJM,2025-06-30,142918.0,95057.0,7399.0,4523.003141550784,24,47861.0,0.25,1.9094982777766718,1.21298515071164,-0.10442942716667182,3.01805400132164,0.7368605812813767
PJM,2025-07-01,136132.0,97890.0,7310.0,3968.164357680415,24,38242.0,0.375,1.5255587780295576,1.1478397742435755,0.8506384459624193,3.5240369982355526,0.7867983408108671
PJM,2025-07-02,135348.0,90182.0,6796.0,3976.6770573530684,24,45166.0,0.16666666666666666,1.4812014883446567,0.7716069258774514,-0.741141342586066,1.511667071636042,0.5881884149994618
PJM,2025-07-03,139569.0,89289.0,7849.0,4637.875149871663,24,50280.0,0.20833333333333334,1.7200179676303287,1.542371885662527,-0.4227853848763688,2.839604468416487,0.7192485865765752
PJM,2025-07-04,132129.0,83252.0,7378.0,4500.482856340793,24,48877.0,0.041666666666666664,1.2990763410287178,1.1976137697472653,-1.6962092157151571,0.800480895060826,0.5179982218840331
PJM,2025-07-05,132356.0,81347.0,7489.0,4478.63167833044,24,51009.0,0.16666666666666666,1.3119195868941165,1.2788624977018173,-0.741141342586066,1.8496407420098677,0.6215445711971352
PJM,2025-07-06,135319.0,84308.0,7423.0,4623.754327940113,24,51011.0,0.20833333333333334,1.4795607212517203,1.230552443242354,-0.4227853848763688,2.2873277796177054,0.6647418923848943
PJM,2025-07-07,140440.0,96222.0,6984.0,4045.879366445086,24,44218.0,0.25,1.7692975585940387,0.9092173840347108,-0.10442942716667182,2.5740855154620776,0.6930433154428984
PJM,2025-07-08,143899.0,96153.0,7132.0,4466.924381828174,24,47746.0,0.25,1.9650014680584165,1.017549021307447,-0.10442942716667182,2.8781210621991913,0.7230499641128701
PJM,2025-07-09,138528.0,94758.0,7017.0,4269.074422815352,24,43770.0,0.2916666666666667,1.6611200868114742,0.9333724112644425,0.21392653054302538,2.808419028618942,0.7161707539163283
PJM,2025-07-10,134832.0,92194.0,7186.0,4056.813592185267,24,42638.0,0.25,1.4520071497255127,1.0570754295015534,-0.10442942716667182,2.404653152060394,0.6763212661414946
PJM,2025-07-11,144933.0,92652.0,7168.0,4372.840538482967,24,52281.0,0.20833333333333334,2.0235033016479416,1.043899960103518,-0.4227853848763688,2.6446178768750905,0.7000044744636025
PJM,2025-07-12,139682.0,93940.0,7542.0,4608.285986928202,24,45742.0,0.25,1.7264113014752187,1.3176569353738108,-0.10442942716667182,2.9396388096823576,0.7291214299513417
PJM,2025-07-13,133111.0,90667.0,6608.0,3973.9298566324474,24,42444.0,0.20833333333333334,1.354636109486081,0.6339964677201919,-0.4227853848763688,1.5658471923299042,0.5935356971314525
PJM,2025-07-14,140906.0,94973.0,6784.0,4045.5110762119566,24,45933.0,0.25,1.795662988432258,0.7628232796120944,-0.10442942716667182,2.4540568408776804,0.6811971405227975
PJM,2025-07-15,143989.0,92993.0,6916.0,4470.553588098232,24,50996.0,0.20833333333333334,1.9700935038640812,0.8594433885310212,-0.4227853848763688,2.4067515075187336,0.6765283623698759
PJM,2025-07-16,144713.0,98689.0,7514.0,4459.513393874373,24,46024.0,0.2916666666666667,2.0110561030118723,1.2971617607546444,0.21392653054302538,3.5221443943095423,0.7866115511354864
PJM,2025-07-17,142890.0,98031.0,6830.0,4193.272204471957,24,44859.0,0.2916666666666667,1.907914088859354,0.7964939236292962,0.21392653054302538,2.9183345430316754,0.7270188151373207
PJM,2025-07-18,138295.0,96577.0,7575.0,3736.2261000927792,24,41718.0,0.08333333333333333,1.6479373718923647,1.3418119626035425,-1.37785325800546,1.611896076490447,0.5980804706077079
PJM,2025-07-19,123410.0,88360.0,6042.0,3639.9265868930675,24,35050.0,0.2916666666666667,0.8057712278110506,0.2197011522041873,0.21392653054302538,1.2393989105582632,0.5613170338693327
PJM,2025-07-20,128313.0,89260.0,5383.0,3455.493716428285,24,39053.0,0.20833333333333334,1.083174022868537,-0.262667421868334,-0.4227853848763688,0.3977212161238341,0.47824804032140594
PJM,2025-07-21,133192.0,91016.0,6237.0,3676.2660756612772,24,42176.0,0.20833333333333334,1.359218941711179,0.3624354040162383,-0.4227853848763688,1.2988689608510486,0.5671864031739166
PJM,2025-07-22,131861.0,86148.0,7384.0,4326.780174604186,24,45713.0,0.20833333333333334,1.283913389962961,1.2020055928799438,-0.4227853848763688,2.063133597966536,0.6426151505783672
PJM,2025-07-23,140693.0,87089.0,7459.0,4503.044725194437,24,53604.0,0.16666666666666666,1.783611837025518,1.256903382038425,-0.741141342586066,2.299373876477877,0.6659307763828571
PJM,2025-07-24,145427.0,93341.0,7826.0,4833.552352671324,24,52086.0,0.25,2.0514529204034786,1.5255365636539262,-0.10442942716667182,3.472560056890733,0.7817178477234114
PJM,2025-07-25,148888.0,99407.0,8048.0,4816.0937835056475,24,49481.0,0.2916666666666667,2.2472699862190932,1.6880340195630303,0.21392653054302538,4.149230536325149,0.848501529959378
PJM,2025-07-26,137621.0,96122.0,7328.0,4270.964534852873,24,41499.0,0.2916666666666667,1.6098036815254981,1.161015243641611,0.21392653054302538,2.9847454557101347,0.7335732096677661
PJM,2025-07-27,135324.0,93064.0,6978.0,4066.8106258672374,24,42260.0,0.2916666666666667,1.4798436121298129,0.9048255609020323,0.21392653054302538,2.5985957035748704,0.6954623372034409
PJM,2025-07-28,152155.0,97486.0,6940.0,4268.422900553672,24,54669.0,0.20833333333333334,2.43211088596472,0.8770106810617352,-0.4227853848763688,2.8863361821500866,0.7238607516039832
PJM,2025-07-29,154380.0,100553.0,8757.0,5085.816021729852,24,53827.0,0.2916666666666667,2.5579973267158738,2.207001119741206,0.21392653054302538,4.978924977000105,0.9303878417803074
PJM,2025-07-30,151026.0,103742.0,7791.0,4745.090927031546,24,47284.0,0.3333333333333333,2.368234125691438,1.4999175953799682,0.5322824882527222,4.400434209324128,0.8732939611115301
PJM,2025-07-31,146378.0,102725.0,8149.0,4074.612669419893,24,43653.0,0.08333333333333333,2.1052587654166683,1.7619630422964516,-1.37785325800546,2.48936854970766,0.6846822134103888
PJM,2025-08-01,118043.0,86772.0,5602.0,2677.1653879603236,24,31271.0,0.08333333333333333,0.5021161592665823,-0.10236587752556893,-1.37785325800546,-0.9781029762644468,0.34246170344172844
PJM,2025-08-02,103375.0,77242.0,4679.0,2568.729816028463,24,26133.0,0.25,-0.3277725207055181,-0.7779746694359438,-0.10442942716667182,-1.2101766173081339,0.31955730200875954
PJM,2025-08-03,109779.0,73995.0,5027.0,3134.1961590503233,24,35784.0,0.125,0.03455411595533073,-0.5232489277405913,-1.059497300295763,-1.5481921120810236,0.28619701797122654
PJM,2025-08-04,125334.0,79609.0,5919.0,3465.036214964354,24,45725.0,0.16666666666666666,0.914627637701037,0.12966877798427817,-0.741141342586066,0.30315507309924916,0.46891487826102835
PJM,2025-08-05,124851.0,84457.0,7548.0,3923.922723019897,24,40394.0,0.25,0.8873003788773034,1.3220487585064893,-0.10442942716667182,2.104919710217121,0.6467392117384639
PJM,2025-08-06,121152.0,86963.0,6723.0,3453.5550461114326,24,34189.0,0.3333333333333333,0.6780177072644865,0.7181730777631963,0.5322824882527222,1.9284732732804049,0.6293249116704316
PJM,2025-08-07,128586.0,85608.0,6050.0,3626.0825847230626,24,42978.0,0.20833333333333334,1.0986198648123862,0.22555691638109193,-0.4227853848763688,0.9013913963171094,0.5279575374667147
PJM,2025-08-08,130363.0,87082.0,6669.0,3875.546656158067,24,43281.0,0.20833333333333334,1.1991592828864537,0.6786466695690899,-0.4227853848763688,1.455020567579175,0.5825977142940398
PJM,2025-08-09,126845.0,83774.0,6877.0,4168.5314792910685,24,43071.0,0.20833333333333334,1.0001172610605846,0.830896538168611,-0.4227853848763688,1.408228414352827,0.5779795842186491
PJM,2025-08-10,130661.0,82046.0,6754.0,4417.4315376124105,24,48615.0,0.16666666666666666,1.2160195792207655,0.7408641639487019,-0.741141342586066,1.2157424005834014,0.5589822654805985
PJM,2025-08-11,143422.0,89072.0,7615.0,4471.717284334341,24,54350.0,0.16666666666666666,1.9380136782883939,1.3710907834880657,-0.741141342586066,2.5679631191903933,0.6924390683543117
PJM,2025-08-12,146576.0,93994.0,9183.0,4923.527065661805,24,52582.0,0.20833333333333334,2.1164612441891304,2.5188205621613786,-0.4227853848763688,4.21249642147414,0.854745527442021
PJM,2025-08-13,140553.0,96820.0,8532.0,4554.023696258832,24,43733.0,0.3333333333333333,1.7756908924389287,2.042307752265762,0.5322824882527222,4.350281132957413,0.8683441262701603
PJM,2025-08-14,140764.0,93115.0,7983.0,4325.746258815024,24,47649.0,0.25,1.7876288874944313,1.64045593562568,-0.10442942716667182,3.3236553959534394,0.767021770590266
PJM,2025-08-15,145797.0,91587.0,8031.0,4818.640900567626,24,54210.0,0.20833333333333334,2.072386845382322,1.675590520687108,-0.4227853848763688,3.3251919811930617,0.7671734231648798
PJM,2025-08-16,139995.0,92385.0,7562.0,4846.320458213185,24,47610.0,0.2916666666666667,1.744120270443808,1.3322963458160724,0.21392653054302538,3.290343146802906,0.7637340334575717
PJM,2025-08-17,138283.0,88712.0,6893.0,4741.194717158798,24,49571.0,0.20833333333333334,1.6472584337849425,0.8426080665224203,-0.4227853848763688,2.067081115430994,0.6430047490017943
PJM,2025-08-18,130576.0,92043.0,7032.0,3674.271556514909,24,38533.0,0.08333333333333333,1.2112104342931935,0.9443519690961387,-1.37785325800546,0.7777091453838723,0.5157507745066128
PJM,2025-08-19,121549.0,85814.0,6596.0,3506.759081981248,24,35735.0,0.2916666666666667,0.7004792429850294,0.6252128214548349,0.21392653054302538,1.5396185949828896,0.590947077760644
PJM,2025-08-20,117033.0,87012.0,6134.0,3072.332663984876,24,30021.0,0.2916666666666667,0.4449722018919012,0.2870424402385909,0.21392653054302538,0.9459411726735174,0.5323543571866418
PJM,2025-08-21,111418.0,83613.0,5411.0,2744.6908421242238,24,27805.0,0.125,0.12728574579404578,-0.24217224724916764,-1.059497300295763,-1.174383801750885,0.32308985750387115
PJM,2025-08-22,118284.0,80082.0,4694.0,2990.034927513995,24,38202.0,0.16666666666666666,0.5157514995906398,-0.7669951116042476,-0.741141342586066,-0.9923849545996738,0.34105215014831747
PJM,2025-08-23,114688.0,78208.0,6519.0,3637.651170970997,24,36480.0,0.20833333333333334,0.31229638006652793,0.5688510912521275,-0.4227853848763688,0.45836208644228665,0.4842329631707742
PJM,2025-08-24,111618.0,77692.0,5152.0,3289.3874476560377,24,33926.0,0.20833333333333334,0.138601380917745,-0.43175261247645597,-0.4227853848763688,-0.7159366164350798,0.3683360919364633
PJM,2025-08-25,112363.0,79022.0,6107.0,3164.549595902636,24,33341.0,0.25,0.18075212175352456,0.26727923614153765,-0.10442942716667182,0.3436019307283904,0.47290676230125667
PJM,2025-08-26,107478.0,77153.0,6809.0,2979.8653553863614,24,30325.0,0.16666666666666666,-0.09563226614282871,0.7811225426649214,-0.741141342586066,-0.0556510660639733,0.4335026711226006
PJM,2025-08-27,100750.0,75381.0,6433.0,2702.8228667960025,24,25369.0,0.25,-0.47629023170407025,0.5059016263504025,-0.10442942716667182,-0.0748180325203396,0.4316109961697944
PJM,2025-08-28,101093.0,74790.0,5874.0,2592.9720902604345,24,26303.0,0.2916666666666667,-0.4568839174669261,0.09673010448918945,0.21392653054302538,-0.14622728243471125,0.42456329304112217
PJM,2025-08-29,101245.0,75743.0,5752.0,2543.567402020868,24,25502.0,0.25,-0.44828403477291473,0.007429700791393416,-0.10442942716667182,-0.5452837611481931,0.38517859712401886
PJM,2025-08-30,96265.0,70943.0,5149.0,2472.8133189031732,24,25322.0,0.08333333333333333,-0.7300433493530251,-0.4339485240427952,-1.37785325800546,-2.5418451314012804,0.18812888952182427
PJM,2025-08-31,92006.0,68407.0,4116.0,2221.118715383328,24,23599.0,0.16666666666666666,-0.9710097993121999,-1.1900740733856092,-0.741141342586066,-2.9022252152838752,0.15256134263208454
PJM,2025-09-01,98616.0,69441.0,4186.0,2483.8902677692595,24,29175.0,0.125,-0.5970280584739409,-1.1388361368376934,-1.059497300295763,-2.7953614956073976,0.16310820837298765
PJM,2025-09-02,107126.0,72502.0,5582.0,2856.847972955458,24,34624.0,0.16666666666666666,-0.11554778396053933,-0.11700528796783058,-0.741141342586066,-0.973694414514436,0.3428968044192034
PJM,2025-09-03,109245.0,75132.0,6942.0,3209.990179846372,24,34113.0,0.20833333333333334,0.004341370175053831,0.8784746221059614,-0.4227853848763688,0.46003060740464646,0.4843976370809578
PJM,2025-09-04,105635.0,76839.0,6823.0,3007.8289536628827,24,28796.0,0.2916666666666667,-0.19990584380771698,0.7913701299745045,0.21392653054302538,0.8053908167098129,0.5184828043465096
PJM,2025-09-05,113326.0,77071.0,5348.0,3051.9221301346793,24,36255.0,0.20833333333333334,0.2352369048741363,-0.28828639014229185,-0.4227853848763688,-0.47583487014452436,0.39203282353020985
PJM,2025-09-06,108136.0,78794.0,5506.0,2943.1821128287934,24,29342.0,0.125,-0.058403826585858305,-0.17263504764842483,-1.059497300295763,-1.290536174530046,0.3116262524104132
PJM,2025-09-07,96410.0,72810.0,4567.0,2262.708054330128,24,23600.0,0.08333333333333333,-0.7218395138883432,-0.8599553679126091,-1.37785325800546,-2.9596481398064123,0.14689401346534098
PJM,2025-09-08,95677.0,70853.0,5657.0,2388.530327039706,24,24824.0,0.125,-0.7633113166167008,-0.062107498809349404,-1.059497300295763,-1.8849161157218133,0.25296419705791445
PJM,2025-09-09,96678.0,72198.0,5669.0,2551.49488116735,24,24480.0,0.25,-0.7066765628225863,-0.05332385254399241,-0.10442942716667182,-0.8644298425332505,0.35368062117583143
PJM,2025-09-10,99937.0,74224.0,5863.0,2513.489657638951,24,25713.0,0.25,-0.5222882884819076,0.08867842874594555,-0.10442942716667182,-0.5380392869026338,0.3858935871829711
PJM,2025-09-11,108404.0,75432.0,5803.0,2830.552396221208,24,32972.0,0.16666666666666666,-0.04324087552010136,0.04476019741916061,-0.741141342586066,-0.7396220206870068,0.3659984718403225
PJM,2025-09-12,109757.0,75376.0,6371.0,3220.239795508979,24,34381.0,0.20833333333333334,0.033309396091723814,0.46051945397939137,-0.4227853848763688,0.07104346519474641,0.4460067297061658
PJM,2025-09-13,103826.0,74080.0,5374.0,3008.268631224395,24,29746.0,0.25,-0.30225576350157635,-0.2692551565673517,-0.10442942716667182,-0.6759403472355999,0.3722835053585396
PJM,2025-09-14,111903.0,73594.0,4990.0,3214.487080142926,24,38309.0,0.16666666666666666,0.15472616096901637,-0.5503318370587753,-0.741141342586066,-1.136747018675825,0.3268044025263904
PJM,2025-09-15,115332.0,77083.0,6302.0,3475.837556243287,24,38249.0,0.20833333333333334,0.3487327251648394,0.41001348795358866,-0.4227853848763688,0.33596082824205925,0.4721526272002159
PJM,2025-09-16,111037.0,77495.0,7176.0,3299.660429388964,24,33542.0,0.20833333333333334,0.10572946088339878,1.0497557242804225,-0.4227853848763688,0.7326998002874525,0.5113085978609274
PJM,2025-09-17,107591.0,75754.0,6292.0,3062.456145796628,24,31837.0,0.25,-0.08923893229793867,0.4026937827324579,-0.10442942716667182,0.2090254232678474,0.459624795695911
PJM,2025-09-18,119591.0,76952.0,5417.0,3424.4646738630886,24,42639.0,0.16666666666666666,0.5896991751240142,-0.23778042411648914,-0.741141342586066,-0.389222591578541,0.400580982590316
PJM,2025-09-19,122368.0,78497.0,6233.0,4051.90145178779,24,43871.0,0.20833333333333334,0.7468167688165778,0.359507521927786,-0.4227853848763688,0.683538905867995,0.5064566859612254
PJM,2025-09-20,113266.0,77442.0,6266.0,3371.710161482371,24,35824.0,0.08333333333333333,0.2318422143370265,0.38366254915751774,-1.37785325800546,-0.7623484945109158,0.36375549294242737
PJM,2025-09-21,101702.0,74606.0,4811.0,2620.776635293715,24,27096.0,0.2916666666666667,-0.422427808515262,-0.681354560517017,0.21392653054302538,-0.8898558384892536,0.35117121418074876
PJM,2025-09-22,108179.0,76195.0,5146.0,2737.7058439583093,24,31984.0,0.20833333333333334,-0.05597096503426298,-0.43614443560913446,-0.4227853848763688,-0.9149007855197662,0.34869941463438703
PJM,2025-09-23,114822.0,78679.0,5684.0,3143.906684227513,24,36143.0,0.20833333333333334,0.3198778555994064,-0.04234429471229618,-0.4227853848763688,-0.14525182398925857,0.4246595654644588
PJM,2025-09-24,111710.0,81351.0,5792.0,2980.9948915552104,24,30359.0,0.2916666666666667,0.14380657307464664,0.036708521675916705,0.21392653054302538,0.3944416252935887,0.4779243626104259
PJM,2025-09-25,111158.0,81978.0,5575.0,2781.5000371241663,24,29180.0,0.2916666666666667,0.1125754201332368,-0.12212908162262215,0.21392653054302538,0.20437286905364005,0.4591656139942253
PJM,2025-09-26,114632.0,79711.0,5764.0,3236.9249226248894,24,34921.0,0.20833333333333334,0.30912800223189213,0.016213347056750402,-0.4227853848763688,-0.09744403558772624,0.4293779331870775
PJM,2025-09-27,107345.0,75931.0,4911.0,2980.0058749091004,24,31414.0,0.125,-0.1031571635000887,-0.6081575083057088,-1.059497300295763,-1.7708119721015607,0.2642256531150951
PJM,2025-09-28,112853.0,73296.0,4749.0,3257.1002438040505,24,39557.0,0.16666666666666666,0.20847542780658765,-0.7267367328880281,-0.741141342586066,-1.2594026476675064,0.3146989615473784
PJM,2025-09-29,111710.0,75804.0,6335.0,3412.095904566066,24,35906.0,0.25,0.14380657307464664,0.4341685151833204,-0.10442942716667182,0.47354566109129526,0.4857314990983545
PJM,2025-09-30,108943.0,77558.0,6021.0,3207.7397828522116,24,31385.0,0.2916666666666667,-0.012745238861731982,0.20432977123981255,0.21392653054302538,0.40551106292110595,0.4790168556739106
PJM,2025-10-01,105274.0,74466.0,6042.0,3010.131182742513,24,30808.0,0.125,-0.22033056520599406,0.2197011522041873,-1.059497300295763,-1.0601267132975698,0.33436640838111764
PJM,2025-10-02,97783.0,71304.0,5056.0,2705.562139880292,24,26479.0,0.25,-0.6441576787641481,-0.5020217825993118,-0.10442942716667182,-1.2506088885301319,0.3155668575672859
PJM,2025-10-03,101683.0,72439.0,5185.0,2721.435128311659,24,29244.0,0.20833333333333334,-0.42350279385201345,-0.40759758524672424,-0.4227853848763688,-1.2538857639751064,0.31524344785000824
PJM,2025-10-04,101806.0,71448.0,4686.0,2856.973563093889,24,30358.0,0.16666666666666666,-0.4165436782509384,-0.7728508757811523,-0.741141342586066,-1.9305358966181567,0.24846177373127204
PJM,2025-10-05,104315.0,70282.0,4186.0,3038.1659179392313,24,34033.0,0.125,-0.2745890356241318,-1.1388361368376934,-1.059497300295763,-2.4729224727575883,0.19493117966689696
PJM,2025-10-06,110666.0,72494.0,5465.0,3315.0667381307526,24,38172.0,0.16666666666666666,0.08473895772893675,-0.2026458390550612,-0.741141342586066,-0.8590482239121905,0.3542117575543601
PJM,2025-10-07,107463.0,76610.0,6040.0,2990.0681754502825,24,30853.0,0.08333333333333333,-0.09648093877710616,0.21823721115996111,-1.37785325800546,-1.2560969856226052,0.3150252123449168
PJM,2025-10-08,101502.0,75922.0,5820.0,2587.230711324985,24,25580.0,0.08333333333333333,-0.4337434436389612,0.05720369629508301,-1.37785325800546,-1.7543930053493382,0.26584611549900145
PJM,2025-10-09,91697.0,70294.0,5760.0,2417.981376020628,24,21403.0,0.125,-0.9884924555783151,0.013285464968298074,-1.059497300295763,-2.03470429090578,0.23818092189190965
PJM,2025-10-10,88682.0,71604.0,5734.0,2244.8736153541126,24,17078.0,0.5,-1.1590756550680807,-0.005745768606642066,1.8057063190915106,0.6408848954167878,0.5022469679867632
PJM,2025-10-11,86392.0,70321.0,3556.0,1636.0526106844902,24,16071.0,0.16666666666666666,-1.2886396772344368,-1.5999775657689352,-0.741141342586066,-3.629758585589438,0.08075777073818492
PJM,2025-10-12,84253.0,68290.0,2896.0,1600.1664043902217,24,15963.0,0.2916666666666667,-1.4096603948823998,-2.08307811036357,0.21392653054302538,-3.2788119747029443,0.11539428534249117
PJM,2025-10-13,91724.0,69904.0,5562.0,2109.779681041656,24,21820.0,0.375,-0.9869648448366157,-0.13164469841009221,0.8506384459624193,-0.2679710972842887,0.4125478431401537
PJM,2025-10-14,91983.0,71607.0,6021.0,2416.9616916369564,24,20376.0,0.4583333333333333,-0.9723110973514253,0.20432977123981255,1.4873503613818133,0.7193690352702006,0.5099929241291302
PJM,2025-10-15,92468.0,71746.0,5999.0,2390.6164931647454,24,20722.0,0.16666666666666666,-0.9448706821764546,0.18822641975332474,-0.741141342586066,-1.497785605009196,0.29117186503966025
PJM,2025-10-16,90462.0,71621.0,6288.0,2420.7840133168497,24,18841.0,0.16666666666666666,-1.0583665024671578,0.3997659006440055,-0.741141342586066,-1.3997419444092183,0.300848239100241
PJM,2025-10-17,90080.0,73431.0,6683.0,2389.0235346842783,24,16649.0,0.2916666666666667,-1.0799793655534233,0.688894256878673,0.21392653054302538,-0.17715857813172495,0.4215105430161725
PJM,2025-10-18,87037.0,71736.0,3093.0,1552.6138036190478,24,15301.0,0.20833333333333334,-1.252146753960507,-1.9388799175072924,-0.4227853848763688,-3.6138120563441682,0.08233160611928916
PJM,2025-10-19,85944.0,69283.0,2909.0,1644.3573587235853,24,16661.0,0.20833333333333334,-1.313986699911523,-2.0735624935760995,-0.4227853848763688,-3.810334578363991,0.06293590605305824
PJM,2025-10-20,89011.0,70354.0,6267.0,2291.8259724602735,24,18657.0,0.4583333333333333,-1.1404614352895956,0.3843945196796308,1.4873503613818133,0.7312834457718485,0.5111688114024098
PJM,2025-10-21,90477.0,73999.0,6807.0,2474.690323182311,24,16478.0,0.4166666666666667,-1.0575178298328805,0.7796586016206952,1.1689944036721165,0.8911351754599313,0.5269453044589438
PJM,2025-10-22,91338.0,72968.0,6205.0,2381.9804781291564,24,18370.0,0.4166666666666667,-1.0088040206253552,0.3390123473086197,1.1689944036721165,0.499202730355381,0.48826371176746797
PJM,2025-10-23,91931.0,75385.0,6775.0,2443.5733452958966,24,16546.0,0.375,-0.9752531624835871,0.7562355449130767,0.8506384459624193,0.6316208283919089,0.501332655145867
PJM,2025-10-24,93564.0,77745.0,6419.0,2378.682961311739,24,15819.0,0.2916666666666667,-0.882861001698583,0.4956540390408193,0.21392653054302538,-0.1732804321147383,0.42189329485644733
PJM,2025-10-25,89413.0,77520.0,3348.0,1612.765722404317,24,11893.0,0.16666666666666666,-1.1177170086909602,-1.7522274343684565,-0.741141342586066,-3.611085785645483,0.08260067415397335
PJM,2025-10-26,84758.0,73608.0,3213.0,1512.5285330881522,24,11150.0,0.2916666666666667,-1.3810884161950594,-1.8510434548537225,0.21392653054302538,-3.0182053405057565,0.141114737432195
PJM,2025-10-27,93823.0,75594.0,7136.0,2551.0475768065235,24,18229.0,0.20833333333333334,-0.8682072542133925,1.0204769033958994,-0.4227853848763688,-0.27051573569386195,0.4122967012208366
PJM,2025-10-28,93925.0,77085.0,6930.0,2510.3475302886027,24,16840.0,0.5,-0.862436280300306,0.8696909758406044,1.8057063190915106,1.8129610146318091,0.6179244823471449
PJM,2025-10-29,94216.0,77418.0,6307.0,2378.9132791030347,24,16798.0,0.5416666666666666,-0.8459720311953236,0.4136733405641541,2.124062276801207,1.6917635861700377,0.6059629577998165
PJM,2025-10-30,94202.0,76163.0,6140.0,2358.3868623258786,24,18039.0,0.5,-0.8467641256539825,0.2914342633712693,1.8057063190915106,1.2503764568087974,0.5624004577555632
PJM,2025-10-31,92562.0,76543.0,6302.0,2263.385958732714,24,16019.0,0.3333333333333333,-0.939552333668316,0.41001348795358866,0.5322824882527222,0.0027436425379947504,0.43926591007281357
PJM,2025-11-01,87560.0,76453.0,3192.0,1522.8200931928513,24,11107.0,0.25,-1.2225563681120333,-1.8664148358180972,-0.10442942716667182,-3.1934006310968024,0.12382391867821349
PJM,2025-11-02,84835.0,76453.0,3192.0,1431.3534185153756,24,8382.0,0.4583333333333333,-1.3767318966724351,-1.8664148358180972,1.4873503613818133,-1.7557963711087192,0.2657076109598147
PJM,2025-11-03,92934.0,75303.0,6460.0,2247.9953828036923,23,17631.0,0.391304347826087,-0.9185052523382355,0.5256648304474557,0.9752125163705618,0.582372094479782,0.49647207396777243
PJM,2025-11-04,94104.0,78062.0,6616.0,2459.7948954203953,24,16042.0,0.2916666666666667,-0.8523087868645951,0.6398522318970965,0.21392653054302538,0.0014699755755267774,0.4391402060968296
PJM,2025-11-05,94052.0,80032.0,6434.0,2368.196872630363,24,14020.0,0.2916666666666667,-0.8552508519967569,0.5066335968725155,0.21392653054302538,-0.13469072458121598,0.42570188832080486
PJM,2025-11-06,92582.0,75838.0,6941.0,2570.8014977006123,24,16744.0,0.2916666666666667,-0.9384207701559462,0.8777426515838482,0.21392653054302538,0.15324841197092745,0.4541199091791549
PJM,2025-11-07,95556.0,82175.0,5779.0,2148.544167958077,24,13381.0,0.3333333333333333,-0.7701572758665388,0.02719290488844664,0.5322824882527222,-0.21068188272537003,0.41820197586343844
PJM,2025-11-08,91195.0,73266.0,2958.0,1619.509692755044,24,17929.0,0.125,-1.0168946997388002,-2.0376959379925585,-1.059497300295763,-4.114087938027121,0.03295710770677108
PJM,2025-11-09,91676.0,73785.0,3917.0,1511.5484807913401,24,17891.0,0.08333333333333333,-0.9896805972663035,-1.3357362072861125,-1.37785325800546,-3.703270062557876,0.07350258927576889
PJM,2025-11-10,105606.0,79079.0,6614.0,2444.3974080345033,24,26527.0,0.08333333333333333,-0.20154661090065334,0.6383882908528704,-1.37785325800546,-0.9410115780532431,0.3461224219555539
PJM,2025-11-11,108465.0,91400.0,6043.0,2388.593097138073,24,17065.0,0.4583333333333333,-0.039789606807373104,0.22043312272630036,1.4873503613818133,1.6679938773007406,0.6036170172981776
PJM,2025-11-12,109091.0,87917.0,6509.0,2683.66894077784,24,21174.0,0.125,-0.0043716688701945635,0.5615313860309967,-1.059497300295763,-0.5023375831349609,0.3894171504418497
PJM,2025-11-13,99196.0,84111.0,7034.0,2575.439081391078,24,15085.0,0.2916666666666667,-0.5642127166152131,0.9458159101403649,0.21392653054302538,0.5955297240681772,0.49777066017792365
PJM,2025-11-14,100573.0,85447.0,7049.0,2521.5540397465843,24,15126.0,0.25,-0.48630456878854406,0.9567954679720612,-0.10442942716667182,0.3660614720168453,0.47512339641514245
PJM,2025-11-15,94154.0,77384.0,3094.0,1607.2543510325438,24,16770.0,0.125,-0.8494798780836703,-1.9381479469851792,-1.059497300295763,-3.847125125364612,0.05930487991130822
PJM,2025-11-16,91002.0,72459.0,5436.0,1943.6637282219879,24,18543.0,0.08333333333333333,-1.02781428763317,-0.22387298419634058,-1.37785325800546,-2.6295405298349706,0.17947383244375104
PJM,2025-11-17,101079.0,81713.0,7537.0,2631.412603155096,24,19366.0,0.25,-0.45767601192558505,1.3139970827632452,-0.10442942716667182,0.7518916436709884,0.5132027280306369
PJM,2025-11-18,104292.0,88620.0,7095.0,2481.9103087736876,24,15672.0,0.375,-0.2758903336633572,0.9904661119892629,0.8506384459624193,1.565214224288325,0.5934732266412521
PJM,2025-11-19,102677.0,83386.0,6129.0,2443.0837512413914,24,19291.0,0.20833333333333334,-0.3672640872872283,0.28338258762802543,-0.4227853848763688,-0.5066668845355717,0.3889898720281619
PJM,2025-11-20,100896.0,84651.0,6192.0,2278.7806744658074,24,16245.0,0.4583333333333333,-0.4680298180637698,0.32949673052114964,1.4873503613818133,1.348817273839193,0.572116028987667
PJM,2025-11-21,100148.0,81184.0,5066.0,2217.09645446602,24,18964.0,0.16666666666666666,-0.5103502934264049,-0.49470207737818106,-0.741141342586066,-1.746193713390652,0.2666553408536918
PJM,2025-11-22,94806.0,77621.0,3583.0,1694.2526755543838,24,17185.0,0.16666666666666666,-0.8125909075804109,-1.580214361671882,-0.741141342586066,-3.133946611838359,0.12969170580722442
PJM,2025-11-23,91294.0,80772.0,5259.0,1675.3440139915715,24,10522.0,0.20833333333333334,-1.0112934603525692,-0.35343176661035614,-0.4227853848763688,-1.787510611839294,0.26257758853431157
PJM,2025-11-24,100571.0,84243.0,7325.0,2579.726709699911,24,16328.0,0.16666666666666666,-0.48641772513978104,1.1588193320752718,-0.741141342586066,-0.06873973565057523,0.4322108908881595
PJM,2025-11-25,98289.0,82060.0,6206.0,2148.845498927475,24,16229.0,0.625,-0.615529121901189,0.3397443178307328,2.7607741922206017,2.4849893881501455,0.6842500140714116
PJM,2025-11-26,98224.0,79396.0,4516.0,2048.3093094486276,24,18828.0,0.375,-0.6192067033163913,-0.8972858645403763,0.8506384459624193,-0.6658541218943482,0.3732789607369293
PJM,2025-11-27,97866.0,82645.0,2970.0,1550.9959206956323,24,15221.0,0.2916666666666667,-0.639461690187813,-2.0289122917272016,0.21392653054302538,-2.454447451371989,0.19675456341868974
PJM,2025-11-28,103564.0,87616.0,4583.0,1676.699902608036,24,15948.0,0.08333333333333333,-0.3170792455136223,-0.8482438395587998,-1.37785325800546,-2.5431763430778824,0.18799750619670375
PJM,2025-11-29,104280.0,92747.0,3857.0,1636.9619439061803,24,11533.0,0.2916666666666667,-0.27656927177077917,-1.3796544386128975,0.21392653054302538,-1.4422971798406512,0.29664826968099717
PJM,2025-11-30,104621.0,89981.0,3199.0,1539.474952255862,24,14640.0,0.25,-0.257276113884872,-1.8612910421633058,-0.10442942716667182,-2.2229965832148495,0.21959750056760252
PJM,2025-12-01,110762.0,91983.0,7092.0,2723.6253064220505,24,18779.0,0.16666666666666666,0.09017046258831236,0.9882702004229237,-0.741141342586066,0.33729932042516997,0.47228472907158303
PJM,2025-12-02,115353.0,97812.0,5530.0,2160.4698458229273,24,17541.0,0.5416666666666666,0.3499208668528278,-0.15506775511771084,2.124062276801207,2.318915388536324,0.6678594169418667
PJM,2025-12-03,115408.0,98411.0,6742.0,2691.791709416622,24,16997.0,0.2916666666666667,0.3530326665118451,0.7320805176833449,0.21392653054302538,1.2990397147382153,0.5672032556503991
PJM,2025-12-04,116179.0,102434.0,6374.0,2451.8700626965997,24,13745.0,0.4583333333333333,0.3966544399137056,0.4627153655457306,1.4873503613818133,2.3467201668412496,0.6706035967685228
PJM,2025-12-05,119842.0,103915.0,6297.0,2334.877664920569,24,15927.0,0.5833333333333334,0.6039002972042566,0.40635363534302327,2.442418234510905,3.452672167058185,0.779755021569046
PJM,2025-12-06,118596.0,98183.0,3617.0,1885.7873667923495,24,20413.0,0.125,0.5334038903836106,-1.5553273639200373,-1.059497300295763,-2.08142077383219,0.23357026006202306
PJM,2025-12-07,107490.0,95010.0,4029.0,1626.1131967434458,24,12480.0,0.375,-0.09495332803540676,-1.2537555088094474,0.8506384459624193,-0.49807039088243477,0.3898382990216883
PJM,2025-12-08,124864.0,97567.0,7058.0,2458.6738026329604,24,27297.0,0.08333333333333333,0.8880358951603439,0.9633832026710789,-1.37785325800546,0.4735658398259628,0.48573349062930626
PJM,2025-12-09,126648.0,108303.0,7126.0,2984.834751331072,24,18345.0,0.3333333333333333,0.9889713604637409,1.0131571981747685,0.5322824882527222,2.5344110468912318,0.689127661986092
PJM,2025-12-10,121902.0,101156.0,6027.0,2482.034368959393,24,20746.0,0.125,0.7204513389783586,0.20872159437249105,-1.059497300295763,-0.13032436694491345,0.42613282398265784
PJM,2025-12-11,118853.0,98067.0,6551.0,2596.1846807843103,24,20786.0,0.25,0.547944481517564,0.5922741479597462,-0.10442942716667182,1.0357892023106383,0.5412218672128344
PJM,2025-12-12,119379.0,102109.0,6518.0,2712.738633061495,24,17270.0,0.3333333333333333,0.577704601892893,0.5681191207300145,0.5322824882527222,1.6781062108756295,0.6046150494166971
PJM,2025-12-13,116586.0,104071.0,3520.0,1536.8777726427948,24,12515.0,0.20833333333333334,0.41968175739043345,-1.6263285045650062,-0.4227853848763688,-1.6294321320509415,0.2781790715062804
PJM,2025-12-14,129859.0,99544.0,7278.0,2413.1723389179733,24,30315.0,0.041666666666666664,1.1706438823747318,1.124416717535957,-1.6962092157151571,0.5988513841955314,0.49809848989886335
PJM,2025-12-15,135723.0,119328.0,6218.0,2500.897140114879,24,16395.0,0.4583333333333333,1.5024183042015926,0.34852796409608977,1.4873503613818133,3.338296629679496,0.7684667804295023
PJM,2025-12-16,131251.0,110776.0,7159.0,3299.008135689851,24,20475.0,0.25,1.2494007028356782,1.0373122254045002,-0.10442942716667182,2.1822835010735067,0.6543745955510415
PJM,2025-12-17,120893.0,101290.0,6413.0,2687.221358659309,24,19603.0,0.16666666666666666,0.663363959779296,0.4912622159081408,-0.741141342586066,0.41348483310137074,0.47980382326024085
PJM,2025-12-18,112336.0,97468.0,6536.0,2683.233884645568,24,14868.0,0.3333333333333333,0.17922451101182518,0.58129459012805,0.5322824882527222,1.2928015893925973,0.566587586734004
PJM,2025-12-19,111364.0,86917.0,5006.0,2535.8751080062675,24,24447.0,0.08333333333333333,0.12423052431064699,-0.538620308704966,-1.37785325800546,-1.7922430423997793,0.26211052347330965
PJM,2025-12-20,112227.0,98100.0,4391.0,2023.9514260475719,24,14127.0,0.2916666666666667,0.1730574898694091,-0.9887821798045116,0.21392653054302538,-0.6017981593920771,0.37960093454114535
PJM,2025-12-21,104907.0,91542.0,5965.0,1932.3515673163995,24,13365.0,0.25,-0.2410947556579821,0.16333942200147994,-0.10442942716667182,-0.18218476082317397,0.4210144862234982
PJM,2025-12-22,117155.0,98744.0,6538.0,2800.748595258164,24,18411.0,0.16666666666666666,0.4518747393173577,0.582758531172276,-0.741141342586066,0.2934919279035677,0.4679611785833243
PJM,2025-12-23,111302.0,90794.0,4521.0,2294.7283110946123,24,20508.0,0.16666666666666666,0.12072267742230024,-0.8936260119298108,-0.741141342586066,-1.5140446770935765,0.28956718338657184
PJM,2025-12-24,102877.0,85526.0,3479.0,1913.8207687196334,24,17351.0,0.16666666666666666,-0.3559484521635291,-1.6563392959716425,-0.741141342586066,-2.7534290907212378,0.1672467078175738
PJM,2025-12-25,92721.0,81587.0,3544.0,1535.0477256188278,24,11134.0,0.25,-0.9305564037449752,-1.6087612120342922,-0.10442942716667182,-2.643747042945939,0.1780717271559941
PJM,2025-12-26,105346.0,83560.0,3891.0,1503.5294846566476,24,21786.0,0.3333333333333333,-0.21625693656146233,-1.3547674408610528,0.5322824882527222,-1.038741889169793,0.3364769737783479
PJM,2025-12-27,104335.0,86652.0,3841.0,1919.6615525788068,24,17683.0,0.16666666666666666,-0.27345747211176186,-1.391365966966707,-0.741141342586066,-2.405964781664535,0.2015395382418862
PJM,2025-12-28,101176.0,86738.0,2958.0,1546.0665166521924,24,14438.0,0.25,-0.45218792889059095,-2.0376959379925585,-0.10442942716667182,-2.5943132940498215,0.18295056830297346
PJM,2025-12-29,113592.0,85019.0,5582.0,2349.300373422951,24,28573.0,0.08333333333333333,0.25028669958865624,-0.11700528796783058,-1.37785325800546,-1.2445718463846345,0.31616268066958386
PJM,2025-12-30,121270.0,103481.0,5191.0,2227.665709771723,24,17789.0,0.3333333333333333,0.6846939319874691,-0.40320576211404574,0.5322824882527222,0.8137706581261455,0.5193098489470128
PJM,2025-12-31,121718.0,102954.0,3815.0,2041.042891993336,24,18764.0,0.16666666666666666,0.7100409546645553,-1.410397200541647,-0.741141342586066,-1.4414975884631578,0.2967271849848209
PJM,2026-01-01,113115.0,101502.0,3000.0,834.5071998890523,6,11613.0,0.5,0.2232989098186336,-2.006953176063809,1.8057063190915106,0.022052052846335046,0.4411715447616382
